Табельный номер,Фамилия.И.О.,Пол,Год рождения,Год начала работы,Клуб,Позиция,Зарплата,Колличество голов
1,Чернова Й. К.,Женщина,1974,2021,ЦСК,Полузащитник,7900000,52
2,Бахилов Э. Т.,Мужчина,1971,2023,Зенит,Вратарь,2080000,11
3,Цветкова Ю. Й.,Женщина,1998,2023,Зенит,Нападающий,1930000,32
4,Базанин М. А.,Мужчина,1976,2023,ЦСК,Полузащитник,9640000,94
5,Базаров О. Й.,Мужчина,1975,2023,ЦСК,Защитник,6320000,2
6,Лазарева Ю. Ё.,Женщина,1989,2015,Спартак,Защитник,5560000,85
7,Балихин О. Н.,Мужчина,1985,2019,ЦСК,Нападающий,9390000,8
8,Баран К. С.,Мужчина,1965,2023,Спартак,Защитник,2500000,28
9,Ширяева Д. Г.,Женщина,1987,2021,ЦСК,Полузащитник,4460000,88
10,Маслова В. С.,Женщина,1985,2023,ЦСК,Вратарь,1480000,41
11,Башкирцов Г. Р.,Мужчина,1991,2023,ЦСК,Вратарь,6430000,25
12,Антонова Х. В.,Женщина,1975,1999,Спартак,Полузащитник,1450000,81
13,Казакова Ю. Ш.,Женщина,1968,1987,Спартак,Полузащитник,2890000,6
14,Лазарева С. Ф.,Женщина,1950,2023,ЦСК,Вратарь,1610000,59
15,Белоусова У. У.,Женщина,1992,2023,Зенит,Вратарь,3100000,20
16,Третьякова Ё. У.,Женщина,1983,2023,Спартак,Защитник,2760000,56
17,Агишев Ц. Е.,Мужчина,1976,2023,Зенит,Защитник,9550000,52
18,Миронова Ш. Г.,Женщина,1959,1979,Зенит,Защитник,2990000,83
19,Савельева Г. П.,Женщина,1965,2023,ЦСК,Нападающий,5360000,47
20,Куликова Й. Ё.,Женщина,1983,2023,ЦСК,Полузащитник,1610000,95
21,Баранова П. Р.,Женщина,1981,2023,ЦСК,Полузащитник,1770000,8
22,Фомина Т. Т.,Женщина,1950,1985,ЦСК,Полузащитник,1410000,70
23,Баранчан Л. Х.,Мужчина,1965,2020,Зенит,Защитник,1890000,10
24,Байкин Я. К.,Мужчина,1972,2010,Зенит,Полузащитник,4370000,15
25,Денисова К. Ю.,Женщина,1980,2023,ЦСК,Вратарь,3030000,17
26,Баранкин Н. Ш.,Мужчина,1997,2023,ЦСК,Нападающий,3680000,49
27,Банушкин К. Т.,Мужчина,1964,2023,ЦСК,Нападающий,8400000,39
28,Баронин Ю. Ц.,Мужчина,1980,2023,ЦСК,Защитник,8520000,2
29,Адриянов С. Ч.,Мужчина,1999,2023,Спартак,Нападающий,5120000,52
30,Барбараш Т. А.,Мужчина,1979,2023,ЦСК,Защитник,2600000,56
31,Баранулькин Э. О.,Мужчина,1991,2023,ЦСК,Полузащитник,5270000,71
32,Цветкова Р. Ё.,Женщина,1973,2023,ЦСК,Защитник,2810000,65
33,Филиппова У. К.,Женщина,1956,1983,Зенит,Защитник,10000,100
34,Абашев Т. С.,Мужчина,2003,2023,Зенит,Полузащитник,1550000,41
35,Баранский А. Г.,Мужчина,1964,2023,ЦСК,Полузащитник,2360000,87
36,Борисова Н. Х.,Женщина,1954,2023,Зенит,Вратарь,4360000,16
37,Батенин Г. Л.,Мужчина,1970,2023,Зенит,Вратарь,8470000,83
38,Большакова М. Ц.,Женщина,1972,2001,Спартак,Нападающий,6040000,35
39,Авсеенко Ц. Н.,Мужчина,1969,2023,Спартак,Нападающий,4080000,69
40,Бахусов Ю. Ю.,Мужчина,1969,2023,ЦСК,Полузащитник,3630000,49
41,Куликова П. А.,Женщина,1991,2023,ЦСК,Вратарь,1170000,30
42,Авсюков О. В.,Мужчина,1997,2023,ЦСК,Защитник,1410000,28
43,Авнатомов Ф. П.,Мужчина,1960,1980,Зенит,Нападающий,5950000,67
44,Маркова Ч. В.,Женщина,1990,2016,Зенит,Полузащитник,6650000,62
45,Колесникова И. И.,Женщина,1950,2023,ЦСК,Защитник,9930000,63
46,Рыбакова В. З.,Женщина,1964,2023,ЦСК,Полузащитник,7700000,89
47,Бакланов Ф. Ё.,Мужчина,1999,2023,Спартак,Защитник,5610000,88
48,Борисова Ч. Ч.,Женщина,1989,2023,Зенит,Защитник,1110000,34
49,Галкина А. Ф.,Женщина,1983,2023,Спартак,Вратарь,2750000,4
50,Михеева В. П.,Женщина,1957,2023,Зенит,Защитник,760000,99
51,Агальцов Н. Н.,Мужчина,1966,1995,Спартак,Вратарь,420000,65
52,Пономарёва Э. Ч.,Женщина,1954,1992,Зенит,Полузащитник,2680000,80
53,Орлова В. Ф.,Женщина,1997,2023,Зенит,Вратарь,6980000,46
54,Медведева Ю. Т.,Женщина,1978,2011,ЦСК,Защитник,8610000,37
55,Батуров Ё. Ё.,Мужчина,2001,2023,ЦСК,Нападающий,8610000,68
56,Калинина А. С.,Женщина,2000,2023,Спартак,Нападающий,7490000,68
57,Аврашко В. Е.,Мужчина,1976,2023,Спартак,Защитник,7320000,82
58,Архипова И. Ж.,Женщина,1965,2023,ЦСК,Нападающий,5010000,81
59,Балясов В. Б.,Мужчина,1994,2016,Зенит,Вратарь,3980000,76
60,Копылова Ч. Г.,Женщина,1957,2023,Зенит,Вратарь,6000000,0
61,Балыкин Ц. Н.,Мужчина,2000,2023,Зенит,Вратарь,2760000,74
62,Афанасьева Я. Й.,Женщина,1963,2023,Спартак,Нападающий,2050000,47
63,Аванесов Д. О.,Мужчина,1992,2023,ЦСК,Полузащитник,70000,80
64,Барсков Ё. Т.,Мужчина,1996,2023,Спартак,Нападающий,2340000,83
65,Карпова В. Э.,Женщина,1987,2023,ЦСК,Вратарь,3600000,30
66,Герасимова П. Й.,Женщина,1997,2023,ЦСК,Полузащитник,1640000,82
67,Бабий С. Ш.,Мужчина,1973,2023,Зенит,Полузащитник,8050000,9
68,Баранулькин О. Д.,Мужчина,1985,2023,ЦСК,Вратарь,3880000,88
69,Мельникова Ё. Ц.,Женщина,1972,2023,ЦСК,Вратарь,1830000,96
70,Давыдова М. Ш.,Женщина,1974,2008,Зенит,Полузащитник,3670000,11
71,Громова Ф. Ц.,Женщина,1995,2023,Зенит,Полузащитник,1130000,54
72,Базарнов Ю. Ж.,Мужчина,1959,2014,Зенит,Нападающий,7070000,68
73,Бабусин Е. В.,Мужчина,1984,2023,Зенит,Полузащитник,6490000,72
74,Бабарыко О. Ш.,Мужчина,1999,2023,Зенит,Нападающий,1360000,47
75,Бахилин Н. З.,Мужчина,1986,2009,ЦСК,Защитник,7800000,10
76,Афанасьева Р. Ю.,Женщина,1973,1994,Зенит,Полузащитник,5140000,23
77,Архипова У. Л.,Женщина,2002,2023,Зенит,Нападающий,2560000,40
78,Лазарева Э. К.,Женщина,1983,2023,Зенит,Защитник,6260000,80
79,Адриянов З. Д.,Мужчина,1983,2023,Зенит,Нападающий,4190000,74
80,Антонова М. Ц.,Женщина,2002,2023,Зенит,Вратарь,8020000,49
81,Суворова Ю. Е.,Женщина,1967,1991,Зенит,Вратарь,8330000,80
82,Баглаев Р. Р.,Мужчина,1980,2023,ЦСК,Нападающий,5220000,3
83,Агапеев П. А.,Мужчина,1965,2019,Спартак,Вратарь,5560000,71
84,Банных Й. Е.,Мужчина,1994,2023,Зенит,Защитник,5690000,55
85,Горбунова З. Л.,Женщина,1963,2023,Спартак,Вратарь,6640000,71
86,Медведева Ф. С.,Женщина,1988,2023,Спартак,Нападающий,6670000,63
87,Барыгин Ю. Е.,Мужчина,1975,2023,Спартак,Вратарь,3620000,81
88,Авдотъин Е. А.,Мужчина,1975,2015,Спартак,Нападающий,2950000,82
89,Кудряшова Ш. Ё.,Женщина,1957,2023,ЦСК,Защитник,2200000,40
90,Чернова М. Б.,Женщина,1965,2018,ЦСК,Защитник,4080000,37
91,Бадыгин Ф. Ё.,Мужчина,1954,2023,ЦСК,Полузащитник,8850000,43
92,Базырин У. Г.,Мужчина,2002,2023,Зенит,Нападающий,5320000,86
93,Калинина Ф. Ю.,Женщина,1963,2000,Спартак,Полузащитник,1320000,34
94,Баташев К. П.,Мужчина,1977,2001,Зенит,Вратарь,9340000,93
95,Бабушкин Л. Л.,Мужчина,1980,2023,Спартак,Полузащитник,6790000,62
96,Абраменков У. Ц.,Мужчина,1992,2023,Зенит,Защитник,7400000,58
97,Денисова З. З.,Женщина,1990,2023,Зенит,Вратарь,8500000,11
98,Филиппова Ж. Х.,Женщина,1995,2023,Спартак,Нападающий,3240000,72
99,Маслова Й. К.,Женщина,1995,2023,Зенит,Защитник,7100000,69
100,Башкирцов Ю. Ф.,Мужчина,1957,2023,Спартак,Вратарь,4830000,83
101,Мартынова Ш. Ж.,Женщина,2003,2023,Спартак,Защитник,6090000,60
102,Бадашкин Э. Ю.,Мужчина,1970,2019,Спартак,Полузащитник,9380000,37
103,Авилин Б. Б.,Мужчина,1972,2002,ЦСК,Полузащитник,7710000,48
104,Автаев Н. Ж.,Мужчина,1974,2019,Спартак,Нападающий,4530000,68
105,Архипова М. В.,Женщина,1956,2023,Зенит,Защитник,5520000,87
106,Антонова Ш. Е.,Женщина,1961,2023,ЦСК,Вратарь,3430000,36
107,Галкина Л. Я.,Женщина,1957,2023,Зенит,Полузащитник,8260000,31
108,Громова С. Н.,Женщина,1984,2023,Спартак,Полузащитник,1370000,13
109,Аврашов З. Д.,Мужчина,1984,2004,Зенит,Нападающий,4650000,68
110,Щербакова Ш. Я.,Женщина,2000,2023,Спартак,Защитник,2890000,5
111,Котова Х. Ф.,Женщина,1980,2023,Зенит,Нападающий,8000000,29
112,Киселёва У. Ю.,Женщина,1963,1993,Зенит,Вратарь,6770000,42
113,Калинина Ц. Э.,Женщина,1991,2013,Спартак,Полузащитник,4110000,78
114,Баранцов Е. Х.,Мужчина,1997,2023,Зенит,Вратарь,2710000,27
115,Багреев У. Н.,Мужчина,1959,2023,Спартак,Нападающий,7730000,76
116,Баринов А. Я.,Мужчина,1982,2023,ЦСК,Защитник,2160000,36
117,Барыгин Х. И.,Мужчина,1954,2012,ЦСК,Нападающий,180000,45
118,Маслова Я. Ч.,Женщина,1961,2023,ЦСК,Нападающий,250000,37
119,Баранкин Э. Ж.,Мужчина,1953,2020,ЦСК,Нападающий,3640000,87
120,Багрянов Ч. Ю.,Мужчина,1993,2023,ЦСК,Полузащитник,1410000,29
121,Петухова Ч. И.,Женщина,1955,1998,Спартак,Полузащитник,4430000,53
122,Михеева Д. Ц.,Женщина,1960,2023,ЦСК,Защитник,100000,45
123,Автомонов Ц. М.,Мужчина,1999,2023,Зенит,Вратарь,6330000,18
124,Авакин В. З.,Мужчина,1951,1980,Зенит,Защитник,5420000,95
125,Байкулов Г. С.,Мужчина,1964,2023,Зенит,Вратарь,9560000,14
126,Барбухин Ё. Ц.,Мужчина,1971,2001,Спартак,Вратарь,3490000,68
127,Баронин Ж. Ш.,Мужчина,1986,2023,Спартак,Защитник,4690000,59
128,Балеев З. Т.,Мужчина,1982,2023,ЦСК,Защитник,4910000,15
129,Бабарыкин Ц. Ц.,Мужчина,1990,2023,ЦСК,Нападающий,9090000,31
130,Лазарева Х. Э.,Женщина,1980,2023,Зенит,Нападающий,9780000,94
131,Аврашков О. О.,Мужчина,1966,2003,Зенит,Вратарь,9260000,65
132,Бабаджанов Й. И.,Мужчина,1986,2023,Зенит,Защитник,3270000,19
133,Горбунова Т. Е.,Женщина,1998,2023,ЦСК,Полузащитник,1510000,92
134,Бабакин В. Ц.,Мужчина,1994,2023,Зенит,Нападающий,7380000,39
135,Бакшин К. Т.,Мужчина,1985,2023,ЦСК,Вратарь,6510000,88
136,Горшкова Ф. Э.,Женщина,1978,2023,Спартак,Вратарь,370000,63
137,Авраменко П. Ц.,Мужчина,1950,2023,Зенит,Защитник,7280000,42
138,Аксёнова Г. У.,Женщина,1989,2023,Зенит,Вратарь,5240000,80
139,Барышев У. И.,Мужчина,1984,2003,Спартак,Вратарь,5680000,24
140,Панфилова Щ. Ч.,Женщина,1976,2023,Спартак,Вратарь,4770000,47
141,Батов Т. Ю.,Мужчина,2003,2023,ЦСК,Вратарь,5120000,21
142,Афанасьева У. К.,Женщина,1965,2023,Зенит,Полузащитник,9810000,43
143,Чернова Л. Й.,Женщина,1969,2023,Зенит,Полузащитник,4280000,54
144,Бахматов Ё. В.,Мужчина,1985,2023,Спартак,Нападающий,8100000,57
145,Сидорова Й. Ю.,Женщина,1968,2013,Зенит,Вратарь,8540000,12
146,Емельянова Ш. Ч.,Женщина,2000,2023,Спартак,Вратарь,5870000,65
147,Ефимова Ш. Л.,Женщина,1985,2023,Спартак,Нападающий,7200000,35
148,Бажин З. Ё.,Мужчина,1992,2023,Зенит,Нападающий,250000,33
149,Бабенин Е. Х.,Мужчина,1983,2018,ЦСК,Вратарь,5640000,98
150,Агин Г. Х.,Мужчина,1982,2023,Зенит,Защитник,7190000,43
151,Басихин Ш. С.,Мужчина,1958,2023,Зенит,Вратарь,9150000,59
152,Тихонова И. Ц.,Женщина,1997,2023,ЦСК,Защитник,8290000,47
153,Макарова Ё. Н.,Женщина,1989,2023,Зенит,Нападающий,4820000,10
154,Баратынский И. Р.,Мужчина,1960,2009,Зенит,Защитник,5270000,28
155,Бакишев У. Ч.,Мужчина,1951,1975,ЦСК,Нападающий,6010000,6
156,Бабусин Й. О.,Мужчина,1969,2023,ЦСК,Нападающий,4300000,49
157,Банных З. Ю.,Мужчина,1987,2023,ЦСК,Нападающий,1040000,23
158,Базарнов П. Я.,Мужчина,1965,2023,Зенит,Вратарь,6680000,64
159,Байрамов С. Ш.,Мужчина,2002,2023,Спартак,Вратарь,9270000,95
160,Авксентьев Э. Ю.,Мужчина,1951,2017,ЦСК,Защитник,9720000,6
161,Басманов В. Ц.,Мужчина,1989,2021,Зенит,Полузащитник,4490000,23
162,Автаев Ш. Ф.,Мужчина,1966,2023,Зенит,Защитник,5390000,75
163,Чернова Г. Б.,Женщина,1958,1994,Спартак,Вратарь,1830000,31
164,Воронова Г. Ч.,Женщина,1977,2013,Спартак,Защитник,4690000,99
165,Агибалов Ж. Ю.,Мужчина,1969,2023,Зенит,Полузащитник,1570000,96
166,Бартелемонов И. О.,Мужчина,1995,2023,Зенит,Защитник,9970000,96
167,Сорокина Ч. У.,Женщина,1996,2023,ЦСК,Нападающий,3120000,60
168,Маслова Х. Е.,Женщина,2002,2023,Зенит,Полузащитник,200000,99
169,Баранский Э. О.,Мужчина,1983,2017,Спартак,Полузащитник,5380000,67
170,Степанова А. Ф.,Женщина,1983,2018,Спартак,Вратарь,2190000,100
171,Аврамов Ш. Я.,Мужчина,1950,2006,ЦСК,Полузащитник,9420000,33
172,Аврашко Щ. Л.,Мужчина,1981,2023,Зенит,Полузащитник,5120000,34
173,Базарнов Г. Я.,Мужчина,1983,2023,Спартак,Вратарь,9280000,56
174,Бачманов В. Ц.,Мужчина,1996,2023,Зенит,Полузащитник,510000,8
175,Бахтияров Г. В.,Мужчина,1969,2023,Спартак,Защитник,7360000,10
176,Батанов Ю. Д.,Мужчина,1991,2023,ЦСК,Вратарь,9410000,68
177,Егорова С. Е.,Женщина,1998,2023,Спартак,Вратарь,7970000,71
178,Пономарёва Ю. Ф.,Женщина,1973,1999,Зенит,Вратарь,3170000,0
179,Борисова Ф. Л.,Женщина,1965,1994,Спартак,Полузащитник,6570000,80
180,Баранкин С. Л.,Мужчина,2003,2023,Зенит,Защитник,1060000,74
181,Балякин Г. Р.,Мужчина,1986,2023,ЦСК,Нападающий,3290000,22
182,Романова К. С.,Женщина,1971,2005,Зенит,Нападающий,8840000,2
183,Родионова Т. Ж.,Женщина,1981,2023,ЦСК,Защитник,8460000,75
184,Суворова И. Щ.,Женщина,1969,2015,Спартак,Вратарь,2030000,88
185,Филиппова С. К.,Женщина,1955,2023,ЦСК,Защитник,3770000,8
186,Копылова Н. Ф.,Женщина,1999,2023,Спартак,Вратарь,9200000,30
187,Быкова Ч. Х.,Женщина,1996,2023,ЦСК,Нападающий,5530000,82
188,Журавлёва П. Ё.,Женщина,1957,2023,Зенит,Нападающий,3950000,60
189,Башкиркин Ф. Й.,Мужчина,1982,2005,Спартак,Защитник,9050000,77
190,Адамович М. Н.,Мужчина,1956,2022,Спартак,Защитник,5620000,81
191,Баймаков Щ. Й.,Мужчина,1978,2023,ЦСК,Вратарь,7150000,87
192,Авдиев А. К.,Мужчина,1989,2023,ЦСК,Нападающий,1630000,12
193,Бакишев З. Й.,Мужчина,2002,2023,Зенит,Нападающий,4480000,57
194,Бахылов Н. Ч.,Мужчина,1963,2023,Спартак,Вратарь,7850000,37
195,Авдохин Ш. Т.,Мужчина,1984,2023,ЦСК,Вратарь,6150000,68
196,Балихин Э. Х.,Мужчина,1988,2023,Спартак,Вратарь,730000,11
197,Родионова Х. У.,Женщина,1957,2023,Спартак,Защитник,2020000,18
198,Шестакова С. Д.,Женщина,1959,1996,Зенит,Полузащитник,2750000,71
199,Шестакова С. Н.,Женщина,1973,2019,Спартак,Полузащитник,7960000,80
200,Анисимова П. П.,Женщина,1997,2023,ЦСК,Вратарь,2200000,0
201,Бабицын М. Ч.,Мужчина,1977,2023,ЦСК,Полузащитник,9530000,49
202,Аверихин В. Ш.,Мужчина,1959,1978,Спартак,Нападающий,8700000,45
203,Большакова Ч. А.,Женщина,1998,2023,ЦСК,Нападающий,8950000,20
204,Байков Ч. Э.,Мужчина,1994,2023,Зенит,Полузащитник,3230000,65
205,Исакова Э. Т.,Женщина,1971,2002,Зенит,Вратарь,1480000,6
206,Бархотов В. Г.,Мужчина,1966,2023,Спартак,Нападающий,4710000,44
207,Аверкиев О. С.,Мужчина,1955,2007,Зенит,Защитник,4140000,61
208,Антонова Х. Е.,Женщина,1957,2007,ЦСК,Вратарь,4410000,12
209,Авдышев К. Р.,Мужчина,1955,2023,Зенит,Полузащитник,6620000,23
210,Коновалова Д. Ё.,Женщина,1952,1976,Спартак,Защитник,2890000,31
211,Авраамов С. Ш.,Мужчина,1967,2023,Зенит,Вратарь,7100000,49
212,Калинина П. Ё.,Женщина,1960,2023,Спартак,Нападающий,8300000,99
213,Баталов Ф. Р.,Мужчина,1983,2023,Зенит,Защитник,6800000,6
214,Беляева Д. Ш.,Женщина,1961,2023,Зенит,Полузащитник,5260000,3
215,Алексеева Э. В.,Женщина,2001,2023,ЦСК,Полузащитник,7680000,73
216,Власова Ж. Е.,Женщина,1994,2023,Зенит,Защитник,7440000,1
217,Бачуринский Ё. У.,Мужчина,1984,2023,ЦСК,Вратарь,6380000,68
218,Матвеева Й. Ц.,Женщина,1961,2004,Спартак,Вратарь,2370000,10
219,Киселёва Ю. Щ.,Женщина,1968,2006,Спартак,Нападающий,8320000,13
220,Родионова П. Ю.,Женщина,1974,2019,ЦСК,Защитник,1400000,18
221,Басалаев Б. Щ.,Мужчина,1956,1983,Зенит,Защитник,8680000,4
222,Афанасьева С. О.,Женщина,1984,2023,ЦСК,Нападающий,7300000,41
223,Баранцов Е. Х.,Мужчина,1970,2023,Спартак,Защитник,4020000,95
224,Барабанцев Ш. А.,Мужчина,1976,2023,ЦСК,Полузащитник,3660000,90
225,Адриянов Е. Я.,Мужчина,1985,2023,ЦСК,Полузащитник,9770000,32
226,Абаимов Ж. Ч.,Мужчина,1966,2023,Зенит,Полузащитник,8260000,28
227,Родионова У. С.,Женщина,1994,2023,Зенит,Полузащитник,7210000,31
228,Адинец П. Ф.,Мужчина,1963,2023,ЦСК,Вратарь,6170000,24
229,Панфилова Э. Г.,Женщина,1954,2023,ЦСК,Полузащитник,5420000,72
230,Бакешев В. Й.,Мужчина,1951,2014,ЦСК,Нападающий,6900000,62
231,Абрамчик Ю. Щ.,Мужчина,1971,2023,Зенит,Вратарь,4140000,62
232,Басенин Я. Й.,Мужчина,1979,1998,Спартак,Вратарь,230000,95
233,Захарова Н. Щ.,Женщина,1981,2023,Зенит,Нападающий,9710000,14
234,Баборыко Ф. Г.,Мужчина,1971,2011,ЦСК,Защитник,6090000,52
235,Агранов У. И.,Мужчина,1952,2023,Зенит,Вратарь,8090000,26
236,Банушкин Ю. О.,Мужчина,1999,2023,ЦСК,Полузащитник,8900000,22
237,Агашин О. Д.,Мужчина,1995,2023,ЦСК,Защитник,4720000,30
238,Ковалёва О. Е.,Женщина,1983,2023,Зенит,Вратарь,4970000,95
239,Авдушев Ц. А.,Мужчина,1977,2019,Спартак,Полузащитник,3020000,87
240,Шестакова Я. Т.,Женщина,1983,2002,Зенит,Нападающий,670000,32
241,Авдотьев Ш. Й.,Мужчина,1999,2023,Зенит,Полузащитник,9370000,47
242,Горбунова К. Г.,Женщина,1951,2023,ЦСК,Полузащитник,9140000,2
243,Баннов Р. Л.,Мужчина,1962,1985,Спартак,Вратарь,3880000,10
244,Александрова Ш. И.,Женщина,1951,2023,ЦСК,Нападающий,710000,12
245,Башев Б. Е.,Мужчина,1952,1987,Зенит,Вратарь,1870000,7
246,Александрова С. А.,Женщина,1968,2023,Спартак,Вратарь,7000000,61
247,Колесникова Т. У.,Женщина,1956,2023,Спартак,Нападающий,4110000,27
248,Афанасьева Т. Й.,Женщина,1974,2023,Спартак,Защитник,9360000,87
249,Абалкин Б. Л.,Мужчина,1955,2023,ЦСК,Нападающий,3310000,2
250,Архипова Й. Ч.,Женщина,1985,2022,Зенит,Нападающий,1780000,45
251,Абаянцев Х. О.,Мужчина,2003,2023,Спартак,Полузащитник,6450000,20
252,Никитина Ж. Л.,Женщина,2000,2023,Зенит,Вратарь,3900000,63
253,Агрененко Д. К.,Мужчина,1979,2023,Зенит,Полузащитник,670000,57
254,Захарова Ч. О.,Женщина,1955,2023,ЦСК,Нападающий,6470000,3
255,Барабашов Л. Г.,Мужчина,2001,2023,Зенит,Нападающий,9780000,53
256,Адамов Ч. Ё.,Мужчина,1985,2011,ЦСК,Защитник,5190000,17
257,Абаянцев Ц. Ф.,Мужчина,1970,2016,Спартак,Нападающий,2170000,12
258,Басманов У. Ш.,Мужчина,1974,2019,ЦСК,Вратарь,7290000,59
259,Данилова Г. Ю.,Женщина,1955,1974,Зенит,Нападающий,4550000,97
260,Авдюничев Ж. К.,Мужчина,1990,2010,Зенит,Полузащитник,7220000,9
261,Банников М. В.,Мужчина,1967,2013,Зенит,Полузащитник,1600000,81
262,Балагуров Г. К.,Мужчина,1984,2023,Спартак,Нападающий,1390000,9
263,Аврамов И. З.,Мужчина,1952,1973,ЦСК,Полузащитник,5460000,100
264,Романова Ю. В.,Женщина,2000,2023,Зенит,Полузащитник,1720000,26
265,Горшкова Б. Ш.,Женщина,1986,2023,Спартак,Вратарь,9740000,83
266,Аврамчик М. Э.,Мужчина,1980,2023,Зенит,Вратарь,1740000,0
267,Соболева А. Г.,Женщина,1965,2023,Спартак,Полузащитник,1040000,82
268,Бакалов М. Ё.,Мужчина,1981,2018,Спартак,Защитник,5880000,85
269,Бачманов А. У.,Мужчина,1988,2023,ЦСК,Полузащитник,4420000,57
270,Фомина К. Ц.,Женщина,1997,2021,Спартак,Вратарь,9390000,48
271,Селезнёва Ю. Г.,Женщина,1952,2023,ЦСК,Полузащитник,250000,25
272,Абдулин Ф. С.,Мужчина,1964,2014,Спартак,Защитник,600000,29
273,Абакумкин З. В.,Мужчина,2001,2023,Спартак,Полузащитник,3940000,3
274,Суханова Ш. Г.,Женщина,1956,1994,Зенит,Полузащитник,990000,24
275,Панфилова С. Н.,Женщина,1984,2010,ЦСК,Защитник,8380000,17
276,Бархотов Ж. С.,Мужчина,1986,2023,ЦСК,Полузащитник,6330000,49
277,Башкиров Б. У.,Мужчина,1968,2023,Спартак,Нападающий,4040000,36
278,Агопов Я. Ч.,Мужчина,1952,2007,Спартак,Вратарь,5320000,17
279,Жукова Л. П.,Женщина,1980,2023,Зенит,Вратарь,1590000,63
280,Бардин Х. Ю.,Мужчина,1961,2005,Спартак,Защитник,2000000,91
281,Басков К. Ш.,Мужчина,1959,2023,Спартак,Вратарь,2940000,0
282,Копылова Ш. Ё.,Женщина,1976,2004,Спартак,Вратарь,6170000,25
283,Баской И. У.,Мужчина,1968,2023,ЦСК,Вратарь,2430000,37
284,Автухов Е. Р.,Мужчина,1952,2023,ЦСК,Нападающий,3880000,34
285,Веселова У. Т.,Женщина,1987,2023,ЦСК,Вратарь,7880000,17
286,Авдонюшкин Н. Ц.,Мужчина,1998,2023,Спартак,Нападающий,3170000,9
287,Давыдова В. Р.,Женщина,1973,2023,Спартак,Защитник,3260000,48
288,Маркова Р. Й.,Женщина,2000,2023,ЦСК,Защитник,7850000,38
289,Афанасьева Г. Я.,Женщина,1994,2023,ЦСК,Защитник,9720000,39
290,Барабанов Т. Х.,Мужчина,1968,2023,Зенит,Полузащитник,8700000,79
291,Суворова Х. Е.,Женщина,1986,2023,Зенит,Нападающий,8630000,51
292,Котова Г. Й.,Женщина,1992,2023,Спартак,Вратарь,9230000,66
293,Абрамкин Э. П.,Мужчина,1952,2006,ЦСК,Вратарь,6620000,38
294,Быкова Ш. Щ.,Женщина,1961,2023,Зенит,Нападающий,620000,25
295,Базунов Г. Э.,Мужчина,1987,2023,ЦСК,Вратарь,6490000,49
296,Базанов Й. Х.,Мужчина,1978,2023,ЦСК,Нападающий,7070000,38
297,Осипова Д. С.,Женщина,1968,2006,ЦСК,Полузащитник,7710000,85
298,Горшкова Е. Х.,Женщина,1981,2008,Спартак,Вратарь,9610000,68
299,Адинец В. Й.,Мужчина,1998,2023,ЦСК,Полузащитник,6490000,62
300,Агейкин З. П.,Мужчина,1962,2023,Зенит,Защитник,5340000,30
301,Абрамсон У. О.,Мужчина,2002,2023,Зенит,Нападающий,9020000,74
302,Автайкин Н. Э.,Мужчина,1988,2023,Спартак,Защитник,520000,55
303,Коновалова У. Ч.,Женщина,1977,2023,ЦСК,Защитник,8410000,45
304,Абрамчик Ё. И.,Мужчина,1967,2023,Зенит,Защитник,7290000,78
305,Ковалёва Я. Л.,Женщина,1957,2023,Зенит,Защитник,1430000,27
306,Барабашин Ю. А.,Мужчина,1970,2023,Зенит,Защитник,2200000,88
307,Аврашов Ц. У.,Мужчина,2003,2023,ЦСК,Полузащитник,890000,34
308,Абрамова Ш. Я.,Женщина,1989,2023,Спартак,Защитник,730000,25
309,Аедоницкий Й. Б.,Мужчина,1974,2023,ЦСК,Нападающий,6420000,82
310,Бараненков К. П.,Мужчина,1994,2023,ЦСК,Полузащитник,690000,8
311,Исакова К. Й.,Женщина,1950,1988,ЦСК,Нападающий,6550000,12
312,Миронова Ё. С.,Женщина,1979,2022,ЦСК,Защитник,5610000,24
313,Батазов Ч. Б.,Мужчина,1963,1990,Зенит,Полузащитник,5710000,79
314,Овчинникова Ч. У.,Женщина,1958,2023,ЦСК,Защитник,4030000,91
315,Барабанов У. М.,Мужчина,1955,2009,Спартак,Полузащитник,8890000,34
316,Башкиров У. Ю.,Мужчина,1989,2023,Зенит,Защитник,8430000,44
317,Ильина Г. Т.,Женщина,1986,2023,Спартак,Полузащитник,170000,3
318,Батырев Н. Т.,Мужчина,1971,1992,Спартак,Защитник,3410000,61
319,Адаменко Ё. Д.,Мужчина,1961,2013,Зенит,Вратарь,1460000,47
320,Бартелеманов Т. Р.,Мужчина,1967,2023,ЦСК,Вратарь,5570000,45
321,Базаров Э. Х.,Мужчина,1985,2023,ЦСК,Нападающий,7150000,95
322,Балябин Щ. Г.,Мужчина,2003,2023,ЦСК,Защитник,830000,84
323,Котова К. Т.,Женщина,1992,2023,Спартак,Защитник,1830000,11
324,Базилевский Г. Й.,Мужчина,1977,2023,ЦСК,Вратарь,410000,86
325,Гусева Г. К.,Женщина,1958,2023,ЦСК,Нападающий,9840000,78
326,Абрамсон А. Х.,Мужчина,1966,2023,Спартак,Вратарь,9030000,4
327,Агапитов П. В.,Мужчина,1982,2023,Зенит,Вратарь,1980000,34
328,Бажуков Ё. Й.,Мужчина,1968,1992,Спартак,Вратарь,9170000,12
329,Баглаев У. Э.,Мужчина,2002,2023,Спартак,Полузащитник,6520000,19
330,Овчинникова А. Д.,Женщина,1992,2023,Спартак,Нападающий,7730000,76
331,Байгулов Ч. Х.,Мужчина,1980,2004,Спартак,Нападающий,2340000,8
332,Сидорова П. М.,Женщина,1965,2007,Спартак,Вратарь,4780000,57
333,Галкина У. З.,Женщина,1968,2023,Зенит,Защитник,90000,60
334,Трофимова Д. Б.,Женщина,1987,2009,Зенит,Защитник,2980000,80
335,Рыбакова Ё. Н.,Женщина,1984,2023,Спартак,Нападающий,4620000,71
336,Егорова Ф. Б.,Женщина,1955,2012,ЦСК,Защитник,1130000,54
337,Бабакин Щ. З.,Мужчина,1980,2023,ЦСК,Полузащитник,2530000,23
338,Аверичкин Г. Й.,Мужчина,1974,2023,Спартак,Вратарь,3180000,58
339,Родионова У. Б.,Женщина,2001,2023,Спартак,Вратарь,1360000,70
340,Киселёва А. Л.,Женщина,1962,1987,ЦСК,Нападающий,5680000,85
341,Рябова Р. М.,Женщина,1980,2000,ЦСК,Нападающий,6010000,38
342,Суханова И. Б.,Женщина,2003,2023,Зенит,Нападающий,2230000,94
343,Белова В. З.,Женщина,1978,2006,Зенит,Вратарь,4360000,31
344,Емельянова З. О.,Женщина,1971,2023,Зенит,Нападающий,2290000,94
345,Авдышев И. Т.,Мужчина,1977,2023,ЦСК,Защитник,6310000,37
346,Панова Д. Ю.,Женщина,1961,1980,Спартак,Вратарь,8530000,76
347,Михеева Ц. Ф.,Женщина,1986,2023,Зенит,Защитник,9540000,100
348,Баташов Г. Н.,Мужчина,1986,2023,ЦСК,Нападающий,5060000,100
349,Филиппова Я. Р.,Женщина,1985,2023,Зенит,Полузащитник,8940000,74
350,Исакова Р. Т.,Женщина,1990,2013,Спартак,Вратарь,3480000,91
351,Осипова О. Х.,Женщина,1982,2019,Спартак,Вратарь,4940000,17
352,Беляева Э. Щ.,Женщина,1987,2023,Спартак,Защитник,910000,28
353,Аврамчик Ё. Т.,Мужчина,2001,2023,Зенит,Полузащитник,3060000,95
354,Мартынова Ж. И.,Женщина,1982,2023,ЦСК,Полузащитник,6590000,76
355,Блинова Г. Я.,Женщина,2000,2023,Зенит,Вратарь,9350000,25
356,Данилова О. А.,Женщина,1991,2023,Зенит,Защитник,8670000,87
357,Белоусова Е. Г.,Женщина,2002,2023,Зенит,Полузащитник,9140000,98
358,Кузьмина В. Ш.,Женщина,1957,2023,Зенит,Вратарь,3130000,94
359,Базанов Р. А.,Мужчина,1969,2023,Спартак,Защитник,4480000,39
360,Барулин З. Щ.,Мужчина,1973,1995,Спартак,Вратарь,4090000,48
361,Баулин Щ. Х.,Мужчина,2001,2023,Зенит,Вратарь,8880000,33
362,Горбунова Й. И.,Женщина,1987,2010,Спартак,Защитник,8430000,46
363,Гусева П. Я.,Женщина,1960,1987,Зенит,Вратарь,170000,97
364,Басюк Я. Т.,Мужчина,1971,2013,Спартак,Нападающий,9040000,12
365,Батоев Л. Х.,Мужчина,1971,2023,Зенит,Вратарь,6970000,27
366,Автухов Ц. Т.,Мужчина,1964,2023,ЦСК,Полузащитник,6050000,21
367,Архипова Б. Э.,Женщина,1964,2023,ЦСК,Нападающий,3100000,16
368,Авакин Д. Ф.,Мужчина,1984,2023,ЦСК,Полузащитник,6390000,86
369,Белоусова Ё. Х.,Женщина,1959,2000,Зенит,Нападающий,550000,50
370,Горбунова Р. Х.,Женщина,1967,2023,ЦСК,Полузащитник,7940000,57
371,Маркова Щ. Ф.,Женщина,1959,2013,Зенит,Вратарь,7940000,15
372,Багримов Д. Я.,Мужчина,1998,2021,Спартак,Полузащитник,8780000,17
373,Кудрявцева Т. Щ.,Женщина,1974,1998,ЦСК,Нападающий,8650000,21
374,Галкина Щ. Б.,Женщина,1998,2023,Зенит,Полузащитник,440000,70
375,Батечко Р. О.,Мужчина,2001,2023,Зенит,Полузащитник,5020000,81
376,Никитина Ё. Ф.,Женщина,1988,2023,Спартак,Вратарь,9230000,36
377,Базлов С. Я.,Мужчина,1979,2023,Зенит,Полузащитник,8040000,66
378,Титова Ц. Ч.,Женщина,1975,2023,Спартак,Вратарь,500000,10
379,Авдусин Щ. В.,Мужчина,1969,2005,Спартак,Вратарь,4970000,81
380,Денисова Д. Т.,Женщина,1993,2023,Спартак,Вратарь,6850000,14
381,Гусева С. Б.,Женщина,1980,2023,Зенит,Вратарь,30000,92
382,Батраченко О. Ц.,Мужчина,1954,1981,ЦСК,Полузащитник,7030000,16
383,Рябова Д. Х.,Женщина,1977,2023,Зенит,Защитник,870000,11
384,Аврамец Ф. Э.,Мужчина,2000,2023,ЦСК,Полузащитник,5920000,92
385,Осипова Б. Р.,Женщина,1988,2023,Зенит,Нападающий,3140000,28
386,Тимофеева Э. Ц.,Женщина,1975,1997,ЦСК,Вратарь,7570000,48
387,Мельникова В. С.,Женщина,1996,2023,ЦСК,Полузащитник,7600000,97
388,Веселова У. Т.,Женщина,1961,2012,ЦСК,Вратарь,1890000,85
389,Сидорова Р. Н.,Женщина,1970,2023,Зенит,Вратарь,1760000,84
390,Панфилова У. Ф.,Женщина,1961,2023,Спартак,Защитник,1600000,89
391,Авдохин Е. А.,Мужчина,1961,2023,ЦСК,Полузащитник,9010000,78
392,Медведева З. Т.,Женщина,1977,2006,ЦСК,Вратарь,3680000,94
393,Бакланов Б. Н.,Мужчина,1976,2004,Зенит,Защитник,8270000,79
394,Маслова Ч. У.,Женщина,1988,2023,Спартак,Вратарь,5470000,74
395,Бабушкин Р. Ц.,Мужчина,1977,2023,Спартак,Нападающий,7140000,19
396,Батазов Д. Р.,Мужчина,2000,2023,ЦСК,Вратарь,6520000,44
397,Федотова Р. Н.,Женщина,1973,2023,ЦСК,Нападающий,4230000,97
398,Абдула Й. Ц.,Мужчина,1962,1982,Зенит,Полузащитник,9880000,83
399,Аверченков Э. Х.,Мужчина,1971,2022,ЦСК,Нападающий,3530000,79
400,Матвеева Ё. Е.,Женщина,1973,2023,Зенит,Полузащитник,7190000,79
401,Зуева М. Ж.,Женщина,1985,2020,Спартак,Полузащитник,6070000,72
402,Байковский Ч. Щ.,Мужчина,1974,2023,Зенит,Нападающий,3770000,95
403,Балабошин Ц. Х.,Мужчина,1954,2023,ЦСК,Защитник,9410000,84
404,Архипова П. Ф.,Женщина,1981,2023,Зенит,Вратарь,9310000,51
405,Авакумов Э. Ж.,Мужчина,1971,2023,Зенит,Вратарь,4490000,83
406,Ефимова Э. И.,Женщина,1964,2001,Спартак,Вратарь,5280000,87
407,Горшкова Й. П.,Женщина,1991,2023,Спартак,Полузащитник,3770000,33
408,Денисова Ж. Э.,Женщина,1993,2016,Зенит,Полузащитник,980000,67
409,Абашеев М. К.,Мужчина,1986,2023,Спартак,Защитник,370000,85
410,Пономарёва В. Ш.,Женщина,1995,2014,ЦСК,Защитник,3310000,83
411,Абалаков Я. Ж.,Мужчина,1984,2016,Зенит,Нападающий,6900000,89
412,Автайкин П. П.,Мужчина,1990,2023,ЦСК,Вратарь,240000,2
413,Агриколянский М. И.,Мужчина,1951,2001,ЦСК,Полузащитник,110000,72
414,Абрикосов Л. Н.,Мужчина,1951,2023,Зенит,Защитник,4860000,22
415,Рябова Л. Э.,Женщина,1951,2023,Спартак,Полузащитник,6890000,8
416,Авдеенков М. Д.,Мужчина,1983,2013,ЦСК,Вратарь,4020000,0
417,Базылин Щ. Ж.,Мужчина,1958,2023,Спартак,Вратарь,930000,13
418,Бабай Ж. М.,Мужчина,1951,1999,Зенит,Полузащитник,600000,87
419,Балуев Е. Я.,Мужчина,2002,2023,Зенит,Защитник,1530000,88
420,Абашуров М. Й.,Мужчина,1966,2023,ЦСК,Полузащитник,5370000,68
421,Басенко В. И.,Мужчина,1968,2023,Зенит,Защитник,7810000,99
422,Антонова Е. П.,Женщина,1954,2002,Зенит,Полузащитник,2500000,8
423,Абрамуш Ё. Щ.,Мужчина,1988,2020,ЦСК,Вратарь,1360000,40
424,Бабушкин Щ. Л.,Мужчина,1966,2023,Зенит,Нападающий,2240000,24
425,Панфилова С. Х.,Женщина,1991,2023,Зенит,Полузащитник,4760000,76
426,Макарова Ю. З.,Женщина,1955,2023,ЦСК,Вратарь,6990000,81
427,Филиппова Й. Ф.,Женщина,1999,2023,Спартак,Нападающий,5000000,13
428,Маслова Я. У.,Женщина,1970,2016,Зенит,Полузащитник,5040000,58
429,Агиевич Ю. М.,Мужчина,1955,2023,Зенит,Вратарь,1310000,41
430,Бакулин О. К.,Мужчина,1974,2008,ЦСК,Защитник,8080000,50
431,Романова У. М.,Женщина,1960,1989,Спартак,Нападающий,3790000,41
432,Михеева Ц. Д.,Женщина,1995,2023,ЦСК,Полузащитник,1110000,4
433,Овчинникова Э. Ш.,Женщина,1997,2023,Спартак,Защитник,8330000,34
434,Байков Ю. Л.,Мужчина,1984,2023,ЦСК,Защитник,2780000,1
435,Авксентьев Н. Ч.,Мужчина,1961,1988,Зенит,Полузащитник,1580000,56
436,Третьякова М. Х.,Женщина,1998,2018,ЦСК,Вратарь,2890000,64
437,Баранулько И. Р.,Мужчина,1977,2020,Спартак,Полузащитник,2100000,52
438,Барабашин У. К.,Мужчина,1975,2023,Спартак,Вратарь,9930000,51
439,Абрамсон О. Ч.,Мужчина,1955,2023,ЦСК,Нападающий,6210000,80
440,Бабарыкин П. Э.,Мужчина,2002,2023,Спартак,Нападающий,6910000,23
441,Фомина Ё. Е.,Женщина,1958,2017,Спартак,Вратарь,8280000,33
442,Панфилова Т. Ё.,Женщина,1986,2023,ЦСК,Вратарь,6050000,97
443,Чернова Ж. Р.,Женщина,1958,2023,Спартак,Полузащитник,5510000,86
444,Авакумов Т. Ж.,Мужчина,1977,2023,Зенит,Полузащитник,1310000,64
445,Барабанщиков Г. Я.,Мужчина,1996,2023,ЦСК,Вратарь,3510000,63
446,Басенко Щ. Л.,Мужчина,1977,1996,Зенит,Вратарь,2530000,19
447,Баратев Р. Н.,Мужчина,1981,2023,ЦСК,Полузащитник,5070000,76
448,Блинова Д. Х.,Женщина,1997,2023,Зенит,Защитник,4750000,89
449,Данилова М. Ц.,Женщина,1956,2023,ЦСК,Полузащитник,120000,24
450,Банных Х. М.,Мужчина,1993,2023,Зенит,Вратарь,2880000,97
451,Аксёнова Ф. Р.,Женщина,1982,2001,Зенит,Вратарь,4140000,63
452,Панфилова Н. Н.,Женщина,1968,2023,Зенит,Защитник,7210000,55
453,Крылова Ц. Э.,Женщина,1999,2023,ЦСК,Нападающий,400000,56
454,Чернова И. Ф.,Женщина,1970,2023,Зенит,Защитник,7000000,49
455,Алексеева Д. И.,Женщина,1967,2023,ЦСК,Защитник,3970000,69
456,Абакумкин Й. Я.,Мужчина,1991,2023,Зенит,Нападающий,4330000,85
457,Антонова Л. Я.,Женщина,2002,2023,ЦСК,Защитник,7920000,78
458,Петухова Ч. П.,Женщина,1998,2023,Спартак,Вратарь,6070000,62
459,Агуреев Н. У.,Мужчина,1964,2023,Зенит,Вратарь,7420000,63
460,Овчинникова Ю. Ю.,Женщина,1969,2019,ЦСК,Защитник,6910000,54
461,Киселёва М. Э.,Женщина,1972,2014,Зенит,Защитник,5900000,39
462,Агейкин Ч. Э.,Мужчина,1992,2023,Зенит,Полузащитник,20000,64
463,Веселова Х. Э.,Женщина,1971,2012,Зенит,Вратарь,8990000,78
464,Баранцев Л. С.,Мужчина,1977,2023,ЦСК,Вратарь,2070000,11
465,Маркова Ц. Ш.,Женщина,1989,2023,Зенит,Нападающий,9340000,28
466,Панфилова У. В.,Женщина,1994,2023,Зенит,Вратарь,1590000,33
467,Баташев Л. Р.,Мужчина,1975,1998,ЦСК,Нападающий,9570000,51
468,Макарова П. Н.,Женщина,1976,1995,Спартак,Защитник,1040000,92
469,Агеев Т. Ж.,Мужчина,1960,1983,ЦСК,Вратарь,2780000,56
470,Колесникова Г. Ж.,Женщина,1996,2023,ЦСК,Защитник,3610000,56
471,Максимова Ю. Щ.,Женщина,1978,2002,Спартак,Нападающий,670000,64
472,Овчинникова З. Ц.,Женщина,1989,2023,Зенит,Нападающий,5700000,62
473,Веселова Й. Щ.,Женщина,1958,2023,Спартак,Полузащитник,9330000,43
474,Батенин В. Б.,Мужчина,1965,2011,Зенит,Нападающий,450000,51
475,Бахтинов Х. С.,Мужчина,1970,2023,Зенит,Вратарь,2710000,69
476,Щербакова Т. Р.,Женщина,1971,2023,Зенит,Нападающий,5310000,9
477,Аксёнова К. М.,Женщина,1953,2023,ЦСК,Нападающий,5830000,61
478,Барань Ц. З.,Мужчина,1963,2023,Зенит,Вратарь,7540000,44
479,Авдошин М. Ф.,Мужчина,2003,2023,Спартак,Нападающий,9920000,80
480,Авнатомов Ё. П.,Мужчина,1994,2015,Зенит,Нападающий,5710000,62
481,Кудрявцева Ц. Н.,Женщина,1993,2023,ЦСК,Нападающий,2160000,88
482,Миронова Ц. Ж.,Женщина,1984,2023,Спартак,Нападающий,9760000,24
483,Мартынова И. Ю.,Женщина,1964,2019,ЦСК,Полузащитник,3210000,44
484,Аванесов З. Б.,Мужчина,1977,2023,ЦСК,Полузащитник,950000,36
485,Авдюшин Н. Щ.,Мужчина,2002,2023,Зенит,Защитник,1690000,48
486,Королёва В. Щ.,Женщина,1951,1982,Спартак,Полузащитник,1300000,14
487,Бабакин П. Н.,Мужчина,1961,1986,Зенит,Вратарь,8910000,31
488,Агопов Т. С.,Мужчина,1988,2023,ЦСК,Вратарь,2890000,30
489,Ершова Э. А.,Женщина,1952,2013,Спартак,Полузащитник,2900000,15
490,Азанчевский Н. Б.,Мужчина,1958,2023,ЦСК,Вратарь,5170000,90
491,Барбошин Р. Х.,Мужчина,1967,2023,ЦСК,Нападающий,1000000,81
492,Балакин С. Щ.,Мужчина,1981,2023,Спартак,Защитник,1490000,46
493,Бакулев М. Г.,Мужчина,1962,2023,Спартак,Полузащитник,7400000,32
494,Беляева Ю. Н.,Женщина,1970,2023,Зенит,Полузащитник,5220000,98
495,Романова У. Б.,Женщина,1953,2016,Спартак,Защитник,9780000,14
496,Башурин И. Л.,Мужчина,1955,2023,ЦСК,Нападающий,9450000,22
497,Азанов М. Ц.,Мужчина,1965,2023,Спартак,Вратарь,8260000,1
498,Веселова С. Щ.,Женщина,1976,2023,Спартак,Защитник,7510000,47
499,Бабиков Я. З.,Мужчина,1980,2015,Зенит,Защитник,4010000,87
500,Баркашев Л. Ю.,Мужчина,1950,1976,Спартак,Полузащитник,5650000,59
501,Быкова З. М.,Женщина,1991,2023,Спартак,Полузащитник,3920000,70
502,Бабарыкин С. Л.,Мужчина,1952,2023,Спартак,Полузащитник,5610000,8
503,Блинова Ш. Ш.,Женщина,1969,2023,Зенит,Нападающий,1600000,68
504,Баркалов А. Ч.,Мужчина,1959,1984,Спартак,Полузащитник,4040000,22
505,Полякова Щ. Ч.,Женщина,1966,2023,Спартак,Защитник,8140000,5
506,Большакова О. Д.,Женщина,1972,2021,Зенит,Вратарь,4240000,8
507,Баркалов Е. П.,Мужчина,1954,2023,Зенит,Нападающий,8230000,74
508,Агушев З. Х.,Мужчина,1984,2004,Зенит,Защитник,5290000,55
509,Басалаев Я. Я.,Мужчина,1980,2018,Спартак,Полузащитник,6360000,85
510,Авдюшин Э. Э.,Мужчина,1997,2023,Зенит,Полузащитник,4520000,77
511,Гусева С. Ю.,Женщина,1984,2023,Спартак,Защитник,190000,11
512,Бакишев Д. Х.,Мужчина,1972,2023,Зенит,Защитник,4960000,7
513,Коновалова У. Ё.,Женщина,2001,2023,ЦСК,Защитник,6620000,37
514,Адинец Р. Э.,Мужчина,2003,2023,ЦСК,Вратарь,870000,68
515,Автайкин К. Х.,Мужчина,1983,2020,ЦСК,Полузащитник,3950000,88
516,Григорьева П. Г.,Женщина,1970,2023,ЦСК,Нападающий,5110000,62
517,Щербакова М. Л.,Женщина,1998,2023,Спартак,Защитник,3190000,57
518,Авсеев Е. Э.,Мужчина,1968,2023,ЦСК,Защитник,1580000,71
519,Григорьева И. Г.,Женщина,1986,2013,Спартак,Полузащитник,6590000,23
520,Абашев А. Я.,Мужчина,1979,2023,Зенит,Защитник,8850000,96
521,Белоусова Д. П.,Женщина,1956,2004,Зенит,Защитник,1400000,54
522,Рыбакова Ж. М.,Женщина,1987,2023,Спартак,Вратарь,5930000,76
523,Анисимова Д. Х.,Женщина,1988,2023,Зенит,Вратарь,510000,25
524,Балабон Н. Х.,Мужчина,1975,2010,Спартак,Полузащитник,4840000,0
525,Кузьмина Р. И.,Женщина,1952,1996,ЦСК,Вратарь,8570000,73
526,Большакова Ш. Х.,Женщина,1969,2000,ЦСК,Вратарь,100000,34
527,Данилова Е. Н.,Женщина,1988,2023,Зенит,Вратарь,4700000,21
528,Агашин Ц. Х.,Мужчина,1975,2023,ЦСК,Нападающий,1300000,2
529,Кузьмина Г. К.,Женщина,2000,2023,ЦСК,Нападающий,7540000,5
530,Авдотьин Л. П.,Мужчина,2001,2023,ЦСК,Защитник,1710000,60
531,Соболева Й. Й.,Женщина,1992,2023,Спартак,Защитник,1790000,2
532,Макарова Е. Ц.,Женщина,1969,1990,Спартак,Нападающий,2130000,71
533,Байчиков О. Е.,Мужчина,1960,2001,Спартак,Полузащитник,1610000,44
534,Балыбин О. Ц.,Мужчина,1995,2016,ЦСК,Нападающий,8340000,37
535,Басенков Н. Л.,Мужчина,1952,2023,ЦСК,Нападающий,5760000,67
536,Басюк П. П.,Мужчина,1986,2022,Спартак,Вратарь,4550000,47
537,Башкин Я. Й.,Мужчина,1988,2023,ЦСК,Полузащитник,8240000,98
538,Абакишин Д. А.,Мужчина,1965,2023,ЦСК,Защитник,2880000,56
539,Авр Х. С.,Мужчина,1954,2007,ЦСК,Нападающий,7020000,100
540,Маркова К. Т.,Женщина,2002,2023,ЦСК,Нападающий,8350000,68
541,Баскаков Ё. Н.,Мужчина,1966,2023,Зенит,Вратарь,7000000,62
542,Киселёва Б. Б.,Женщина,1965,2023,Спартак,Полузащитник,6270000,21
543,Петухова Ж. Ф.,Женщина,1995,2023,ЦСК,Нападающий,1620000,48
544,Галкина Х. Ю.,Женщина,1972,2015,Спартак,Защитник,160000,31
545,Трофимова Ф. Я.,Женщина,2000,2023,Зенит,Вратарь,1110000,87
546,Бахтин Б. К.,Мужчина,1972,2023,Зенит,Защитник,9070000,54
547,Аксёнова Г. Д.,Женщина,1953,2016,Спартак,Защитник,40000,63
548,Агейчев У. О.,Мужчина,1996,2023,ЦСК,Нападающий,5360000,1
549,Мельникова Ч. Р.,Женщина,1958,2003,ЦСК,Вратарь,6660000,69
550,Авакумов Г. Х.,Мужчина,2003,2023,Спартак,Нападающий,7300000,61
551,Батенев Ё. Х.,Мужчина,1988,2023,Спартак,Полузащитник,6490000,29
552,Котова И. Д.,Женщина,1953,1973,Спартак,Нападающий,8540000,49
553,Белоусова Й. Ё.,Женщина,1983,2023,ЦСК,Нападающий,5710000,16
554,Баранчан Э. Щ.,Мужчина,1962,2023,ЦСК,Нападающий,860000,59
555,Барышников М. Ч.,Мужчина,1985,2008,Спартак,Полузащитник,8410000,57
556,Воронова Ж. Х.,Женщина,1973,2001,Зенит,Защитник,3150000,57
557,Батин Р. Ч.,Мужчина,1955,2023,ЦСК,Нападающий,5520000,96
558,Аванесов Щ. Й.,Мужчина,1978,2023,ЦСК,Полузащитник,6000000,99
559,Максимова И. Е.,Женщина,1961,2009,ЦСК,Нападающий,4180000,63
560,Батищев Д. У.,Мужчина,1994,2023,ЦСК,Вратарь,2320000,14
561,Федотова Ф. Д.,Женщина,1997,2023,Зенит,Защитник,9570000,60
562,Антонова У. Ц.,Женщина,1965,1988,Спартак,Защитник,8310000,47
563,Лазарева Ё. Х.,Женщина,1988,2023,Зенит,Нападающий,3540000,31
564,Автономов П. С.,Мужчина,1977,2023,Спартак,Нападающий,2750000,75
565,Трофимова П. Щ.,Женщина,1987,2018,ЦСК,Нападающий,820000,83
566,Большакова Б. Х.,Женщина,1982,2023,Спартак,Защитник,4090000,91
567,Бабенышев С. Х.,Мужчина,1976,2008,Зенит,Вратарь,3120000,18
568,Емельянова Ш. И.,Женщина,1957,2016,Спартак,Полузащитник,8960000,73
569,Анисимова Т. Ш.,Женщина,1964,2023,ЦСК,Вратарь,2780000,74
570,Бачагов К. Ц.,Мужчина,1976,2015,ЦСК,Защитник,200000,92
571,Адвокатов Ю. У.,Мужчина,1980,2023,Зенит,Полузащитник,4370000,93
572,Кудрявцева Я. Й.,Женщина,1965,2021,Зенит,Полузащитник,2160000,82
573,Бадашкин Л. Ч.,Мужчина,1984,2023,Спартак,Защитник,1660000,65
574,Байкулов Б. Ж.,Мужчина,1977,2023,ЦСК,Вратарь,1740000,28
575,Афанасьева У. Э.,Женщина,1957,2001,Зенит,Нападающий,1580000,26
576,Барашков Т. Л.,Мужчина,2001,2020,Спартак,Нападающий,2440000,7
577,Архипова Ц. З.,Женщина,2002,2023,Спартак,Нападающий,6020000,89
578,Мухина Н. С.,Женщина,1957,2023,Спартак,Вратарь,1950000,60
579,Бакурин Н. А.,Мужчина,1993,2023,Зенит,Защитник,5630000,73
580,Галкина Б. Л.,Женщина,1972,2023,Спартак,Полузащитник,2370000,11
581,Савельева Ч. Т.,Женщина,2002,2023,Спартак,Защитник,7100000,42
582,Соболева Т. Р.,Женщина,1954,1988,Зенит,Нападающий,8420000,76
583,Бабарыко Я. Л.,Мужчина,1956,1976,Зенит,Защитник,1240000,84
584,Степанова Ц. И.,Женщина,2000,2023,Зенит,Нападающий,540000,90
585,Панфилова Ё. Ё.,Женщина,1962,1985,ЦСК,Вратарь,5200000,0
586,Баев У. Н.,Мужчина,1951,2023,Зенит,Нападающий,4930000,29
587,Овчинникова Ю. У.,Женщина,1992,2023,ЦСК,Нападающий,5100000,15
588,Бажуков Х. Ш.,Мужчина,1992,2023,ЦСК,Полузащитник,4080000,49
589,Баклушкин Б. М.,Мужчина,1990,2023,Зенит,Вратарь,720000,17
590,Григорьева Л. Ж.,Женщина,1953,1983,Зенит,Вратарь,9110000,1
591,Абросимов О. Э.,Мужчина,1969,2023,Спартак,Нападающий,7710000,40
592,Балаклейцев М. Я.,Мужчина,1970,2023,ЦСК,Полузащитник,7990000,2
593,Балабошкин Ж. У.,Мужчина,1987,2023,Спартак,Нападающий,7810000,47
594,Барано Ф. И.,Мужчина,1990,2023,Зенит,Нападающий,5530000,5
595,Архипова М. Ф.,Женщина,1957,2023,Спартак,Защитник,5220000,60
596,Абакулов Х. Щ.,Мужчина,1954,2023,Спартак,Нападающий,4440000,64
597,Веселова К. Щ.,Женщина,1979,2023,Спартак,Защитник,970000,22
598,Бакишев П. Ш.,Мужчина,1986,2020,Зенит,Полузащитник,780000,53
599,Коновалова В. О.,Женщина,1979,1999,Зенит,Полузащитник,3320000,35
600,Аверкин Ф. М.,Мужчина,1976,2018,Спартак,Защитник,1490000,15
601,Крылова П. Ц.,Женщина,1983,2023,Спартак,Нападающий,2060000,90
602,Баруздин Ц. О.,Мужчина,1996,2023,Спартак,Нападающий,2310000,21
603,Балагуров Ш. Ё.,Мужчина,1960,2008,Спартак,Нападающий,2270000,7
604,Панова У. Э.,Женщина,1970,2015,Зенит,Нападающий,120000,15
605,Авчинников Н. М.,Мужчина,1996,2023,Зенит,Защитник,3640000,46
606,Батюшкин Р. С.,Мужчина,1977,2023,Спартак,Защитник,9390000,66
607,Захарова Р. И.,Женщина,1980,2023,Зенит,Полузащитник,130000,7
608,Барбаянов Х. Р.,Мужчина,1954,2023,Спартак,Защитник,3640000,28
609,Бабахин Е. Б.,Мужчина,1997,2023,Зенит,Полузащитник,9990000,17
610,Бадашов Е. Б.,Мужчина,1959,2023,ЦСК,Нападающий,6360000,87
611,Гусева Г. Ц.,Женщина,1967,2023,Спартак,Полузащитник,7400000,94
612,Авросинов З. А.,Мужчина,1952,2005,ЦСК,Нападающий,8150000,49
613,Баронов Ж. Г.,Мужчина,1952,1994,Зенит,Защитник,280000,30
614,Жукова Я. У.,Женщина,1996,2023,Зенит,Нападающий,1970000,12
615,Башкирцов П. Г.,Мужчина,1983,2023,ЦСК,Защитник,5610000,7
616,Дорофеева Й. З.,Женщина,1984,2023,Зенит,Нападающий,8800000,14
617,Галкина Т. Г.,Женщина,1983,2023,Спартак,Вратарь,8850000,3
618,Басманов Э. У.,Мужчина,1960,2015,ЦСК,Вратарь,2300000,1
619,Титова П. М.,Женщина,1965,2005,ЦСК,Вратарь,3660000,54
620,Суворова Щ. П.,Женщина,1985,2023,Спартак,Нападающий,9780000,23
621,Котова В. Х.,Женщина,1971,2001,Зенит,Полузащитник,240000,19
622,Батенев М. Щ.,Мужчина,1979,2023,Спартак,Вратарь,4000000,29
623,Аборин Э. Б.,Мужчина,1951,2023,Зенит,Полузащитник,3120000,25
624,Данилова В. Й.,Женщина,1981,2023,Зенит,Нападающий,2240000,86
625,Бабинов Х. Б.,Мужчина,2001,2023,Зенит,Нападающий,3150000,94
626,Автайкин Х. У.,Мужчина,1997,2023,Зенит,Полузащитник,5710000,13
627,Федотова Е. Ж.,Женщина,1990,2017,ЦСК,Полузащитник,1990000,26
628,Панова Ц. О.,Женщина,1957,2019,ЦСК,Нападающий,6380000,26
629,Крылова Я. Х.,Женщина,1963,2023,ЦСК,Полузащитник,1340000,34
630,Ефимова В. В.,Женщина,1952,1999,ЦСК,Вратарь,4170000,76
631,Степанова Ж. Р.,Женщина,1982,2023,Зенит,Защитник,1940000,49
632,Королёва Ю. Ш.,Женщина,1998,2023,Спартак,Защитник,1250000,20
633,Абалакин Д. З.,Мужчина,1973,2023,Спартак,Нападающий,5980000,95
634,Банин Д. П.,Мужчина,1983,2018,Зенит,Защитник,6000000,50
635,Абдулин П. И.,Мужчина,1955,2023,Зенит,Вратарь,6560000,35
636,Мартынова Я. З.,Женщина,1957,2023,Спартак,Нападающий,9290000,36
637,Ершова Й. И.,Женщина,1965,2023,ЦСК,Нападающий,4100000,0
638,Крылова Н. Э.,Женщина,1982,2023,Спартак,Полузащитник,3510000,53
639,Давыдова Е. Й.,Женщина,1961,2023,Спартак,Вратарь,390000,43
640,Журавлёва Г. К.,Женщина,1989,2023,Спартак,Нападающий,2040000,35
641,Балдин Д. Щ.,Мужчина,1975,2023,Зенит,Полузащитник,2490000,77
642,Авдеенков Э. К.,Мужчина,1956,2018,ЦСК,Защитник,990000,89
643,Барано Д. З.,Мужчина,2000,2023,Спартак,Полузащитник,6620000,5
644,Бакулин Ю. Ч.,Мужчина,1994,2023,Зенит,Нападающий,8100000,29
645,Гусева Ф. У.,Женщина,1978,2023,Зенит,Полузащитник,7630000,40
646,Ефимова Я. Л.,Женщина,1981,2023,Спартак,Нападающий,8830000,78
647,Басихин Х. Щ.,Мужчина,1950,2023,Зенит,Защитник,4650000,1
648,Байбородов Ш. Н.,Мужчина,1958,2015,ЦСК,Полузащитник,4930000,85
649,Батов Ж. Ё.,Мужчина,1966,1996,Спартак,Нападающий,8680000,100
650,Архипова Щ. З.,Женщина,1966,2021,Зенит,Полузащитник,4680000,83
651,Петухова Р. В.,Женщина,1962,2001,Спартак,Нападающий,1570000,8
652,Агафонов Н. А.,Мужчина,1976,1998,ЦСК,Полузащитник,3340000,49
653,Авдыев Г. Ё.,Мужчина,1956,2011,ЦСК,Полузащитник,3540000,3
654,Колесникова М. Н.,Женщина,1990,2023,Зенит,Нападающий,1330000,14
655,Башкирцев Ш. У.,Мужчина,1970,2023,Спартак,Нападающий,8630000,89
656,Цветкова Ц. В.,Женщина,1976,2023,Зенит,Защитник,7240000,24
657,Савельева А. А.,Женщина,1982,2004,Зенит,Защитник,1740000,95
658,Абросинов Л. У.,Мужчина,1998,2023,ЦСК,Вратарь,7850000,86
659,Бабарыко Г. Т.,Мужчина,1962,2023,ЦСК,Нападающий,2900000,97
660,Фомина Ё. Н.,Женщина,1992,2023,Зенит,Вратарь,700000,32
661,Алексеева Ц. Ц.,Женщина,1992,2023,Спартак,Защитник,4850000,3
662,Басюк Г. А.,Мужчина,1985,2023,Спартак,Вратарь,1350000,28
663,Аверьянов А. П.,Мужчина,1997,2023,Зенит,Нападающий,80000,48
664,Абоимов И. Л.,Мужчина,1989,2023,ЦСК,Нападающий,7480000,3
665,Мельникова Г. Ц.,Женщина,1973,2023,ЦСК,Вратарь,7650000,42
666,Анисимова Ш. Ё.,Женщина,1965,2007,Спартак,Нападающий,3590000,92
667,Сорокина Ч. Э.,Женщина,1975,2023,ЦСК,Защитник,7370000,41
668,Барулин У. Й.,Мужчина,1971,2023,Спартак,Нападающий,6740000,25
669,Маслова К. В.,Женщина,1957,2023,ЦСК,Нападающий,2490000,70
670,Тимофеева Ю. Б.,Женщина,1962,2013,ЦСК,Защитник,7320000,28
671,Бартенев Щ. И.,Мужчина,1998,2023,Зенит,Полузащитник,3520000,86
672,Аедоницкий П. В.,Мужчина,1998,2018,Зенит,Нападающий,7040000,93
673,Абрамуш В. Х.,Мужчина,1993,2023,ЦСК,Полузащитник,9880000,4
674,Миронова Щ. Ш.,Женщина,1990,2023,ЦСК,Полузащитник,6300000,19
675,Власова О. Ч.,Женщина,1983,2023,ЦСК,Полузащитник,850000,83
676,Абдулин Ю. Ц.,Мужчина,2003,2023,Зенит,Вратарь,6850000,56
677,Бабусин П. Й.,Мужчина,1959,2009,ЦСК,Нападающий,7140000,48
678,Мухина Э. Л.,Женщина,1970,2002,Зенит,Вратарь,5470000,93
679,Крылова Э. Ц.,Женщина,1979,2023,Зенит,Нападающий,5390000,4
680,Карпова Р. У.,Женщина,1961,2013,Спартак,Защитник,3150000,64
681,Захарова Ф. Л.,Женщина,2001,2023,Зенит,Защитник,600000,82
682,Батянин С. Щ.,Мужчина,1974,2023,ЦСК,Нападающий,5230000,7
683,Овчинникова З. Ч.,Женщина,1972,2009,Спартак,Вратарь,9450000,64
684,Батеньков О. Я.,Мужчина,1951,2023,Спартак,Защитник,1770000,53
685,Миронова Ё. А.,Женщина,1954,2023,ЦСК,Полузащитник,2630000,0
686,Романова И. В.,Женщина,1984,2008,Зенит,Нападающий,620000,5
687,Баранцов Э. Р.,Мужчина,1952,2003,Спартак,Вратарь,9540000,55
688,Балдин А. Д.,Мужчина,1972,2023,Зенит,Нападающий,4480000,50
689,Бажанов Щ. Х.,Мужчина,1961,2023,Спартак,Нападающий,7840000,79
690,Тихонова Ж. Ш.,Женщина,1954,2023,Зенит,Защитник,9720000,16
691,Бакиев Ф. У.,Мужчина,1984,2023,Зенит,Вратарь,4020000,25
692,Архипова И. Щ.,Женщина,1969,2023,ЦСК,Полузащитник,1460000,31
693,Власова В. А.,Женщина,1953,1990,Спартак,Полузащитник,7540000,88
694,Зуева Я. Т.,Женщина,1985,2005,Зенит,Защитник,4440000,17
695,Авдонкин Ф. Г.,Мужчина,1992,2023,ЦСК,Защитник,8300000,60
696,Авдонюшкин Й. Л.,Мужчина,1984,2009,ЦСК,Полузащитник,10000,1
697,Байдин М. Ч.,Мужчина,1989,2023,Зенит,Полузащитник,7770000,22
698,Бахилин Я. П.,Мужчина,1981,2023,ЦСК,Защитник,1910000,1
699,Агиевич У. Ф.,Мужчина,1951,2023,Спартак,Нападающий,990000,12
700,Бадеин П. В.,Мужчина,1971,2023,Зенит,Нападающий,670000,37
701,Колесникова З. Ч.,Женщина,2001,2023,Спартак,Вратарь,3360000,89
702,Баранова Н. Щ.,Женщина,1977,2007,Спартак,Нападающий,2270000,19
703,Байдиков З. Ш.,Мужчина,1957,1990,Зенит,Защитник,410000,73
704,Барбухин С. О.,Мужчина,1975,2001,Зенит,Защитник,9910000,46
705,Ефимова Э. Я.,Женщина,1999,2023,ЦСК,Вратарь,180000,27
706,Авлашкин О. Д.,Мужчина,1973,2017,Зенит,Полузащитник,750000,35
707,Баскакин О. У.,Мужчина,1950,2006,Спартак,Вратарь,1570000,47
708,Исакова М. Ф.,Женщина,1968,2023,ЦСК,Вратарь,8190000,89
709,Балдин М. П.,Мужчина,1990,2023,Спартак,Полузащитник,7720000,85
710,Баклановский У. Щ.,Мужчина,1955,1995,ЦСК,Вратарь,2010000,95
711,Данилова Э. Э.,Женщина,1975,1999,Зенит,Вратарь,8900000,26
712,Котова Ю. Х.,Женщина,1963,2023,Зенит,Защитник,5620000,34
713,Романова Е. Л.,Женщина,1968,2003,ЦСК,Вратарь,8750000,91
714,Башев Е. З.,Мужчина,1966,2003,Зенит,Вратарь,6180000,94
715,Блинова О. Ч.,Женщина,1992,2013,Спартак,Полузащитник,9060000,0
716,Блинова К. М.,Женщина,1973,2023,Зенит,Полузащитник,7760000,16
717,Бабурин Ё. Л.,Мужчина,1952,2023,ЦСК,Вратарь,3730000,38
718,Азанов П. Н.,Мужчина,1999,2023,Зенит,Полузащитник,5450000,90
719,Баркалов П. Й.,Мужчина,1966,2023,Спартак,Полузащитник,6040000,31
720,Авдонин А. Щ.,Мужчина,1985,2023,Спартак,Вратарь,5840000,76
721,Балалаев Н. Н.,Мужчина,2003,2023,Спартак,Полузащитник,4980000,2
722,Байковский И. Р.,Мужчина,1972,2021,ЦСК,Вратарь,7820000,11
723,Алексеева О. Ц.,Женщина,1975,2023,Зенит,Вратарь,5060000,64
724,Рябова А. Ш.,Женщина,1969,2023,Спартак,Полузащитник,9720000,73
725,Автоманов И. Н.,Мужчина,1996,2023,Зенит,Полузащитник,3130000,47
726,Тихонова Ф. М.,Женщина,1966,1999,Зенит,Защитник,2390000,86
727,Базырин Х. Д.,Мужчина,1959,1986,ЦСК,Защитник,3100000,56
728,Дмитриева Ё. Ю.,Женщина,1993,2023,ЦСК,Нападающий,5320000,89
729,Агищев Ф. К.,Мужчина,1958,1986,Спартак,Полузащитник,9540000,5
730,Ефимова К. Ч.,Женщина,1992,2023,Спартак,Вратарь,8220000,69
731,Авчухов К. Е.,Мужчина,1963,2008,Зенит,Нападающий,2220000,69
732,Балабанов Щ. В.,Мужчина,2000,2023,ЦСК,Нападающий,70000,89
733,Рыбакова Ц. А.,Женщина,1963,2023,Зенит,Вратарь,3730000,54
734,Филиппова Б. Х.,Женщина,1963,2018,ЦСК,Полузащитник,7600000,87
735,Петухова С. И.,Женщина,1970,2005,ЦСК,Вратарь,980000,44
736,Никитина Ф. К.,Женщина,1975,2023,ЦСК,Полузащитник,1720000,81
737,Авиафин Л. С.,Мужчина,1986,2008,Зенит,Полузащитник,6480000,95
738,Дорофеева Ф. Ё.,Женщина,1982,2019,Зенит,Вратарь,7810000,2
739,Батогов Щ. Н.,Мужчина,1958,1999,Зенит,Вратарь,3030000,36
740,Родионова Р. В.,Женщина,1997,2023,Спартак,Полузащитник,3890000,76
741,Суворова Н. Я.,Женщина,1952,1977,Спартак,Нападающий,6300000,84
742,Соболева К. П.,Женщина,1985,2014,ЦСК,Нападающий,1000000,42
743,Николаева А. Е.,Женщина,2000,2023,Зенит,Нападающий,2590000,55
744,Сидорова О. З.,Женщина,1985,2008,Зенит,Защитник,4530000,35
745,Комарова Ц. Ж.,Женщина,1997,2023,ЦСК,Защитник,7830000,86
746,Абрахин А. Т.,Мужчина,1974,2023,Зенит,Полузащитник,8540000,86
747,Яковлева З. Ё.,Женщина,1951,1999,Зенит,Защитник,4880000,41
748,Котова Х. Р.,Женщина,1965,2011,Зенит,Защитник,9990000,79
749,Байков Т. Ш.,Мужчина,1953,1978,Зенит,Защитник,3850000,51
750,Барышев З. Г.,Мужчина,1988,2023,Зенит,Полузащитник,2950000,73
751,Веселова Ж. Ч.,Женщина,1984,2007,Зенит,Полузащитник,1480000,38
752,Захарова Р. С.,Женщина,1960,1979,ЦСК,Полузащитник,8840000,51
753,Аврелин Х. Ж.,Мужчина,1970,2023,Спартак,Вратарь,9400000,52
754,Исакова Й. Ц.,Женщина,1954,1983,ЦСК,Нападающий,7730000,48
755,Баркалов О. Ш.,Мужчина,1998,2023,ЦСК,Полузащитник,9540000,20
756,Абдулов О. Г.,Мужчина,1982,2023,Спартак,Нападающий,3400000,94
757,Банный Х. Щ.,Мужчина,1969,2023,Спартак,Защитник,7450000,61
758,Балакин Ю. М.,Мужчина,1994,2023,ЦСК,Вратарь,200000,58
759,Сидорова О. В.,Женщина,1992,2023,ЦСК,Вратарь,7270000,92
760,Тарасова Й. Б.,Женщина,2002,2023,Зенит,Защитник,9630000,60
761,Агиевич Ф. К.,Мужчина,1964,1987,Спартак,Нападающий,5510000,48
762,Барыгин Ё. Щ.,Мужчина,1964,1991,Спартак,Вратарь,7300000,47
763,Балашин Щ. М.,Мужчина,1990,2023,ЦСК,Вратарь,8300000,11
764,Денисова М. Х.,Женщина,1963,1986,Зенит,Защитник,9140000,15
765,Макарова У. З.,Женщина,1979,2023,Зенит,Защитник,3910000,64
766,Агафонкин Й. Й.,Мужчина,1975,2019,ЦСК,Вратарь,3770000,59
767,Михеева Щ. Ч.,Женщина,1981,2023,Зенит,Полузащитник,5590000,31
768,Багин Н. П.,Мужчина,2001,2023,Спартак,Полузащитник,5490000,16
769,Баской Ч. Я.,Мужчина,1971,2023,ЦСК,Нападающий,5140000,38
770,Аксёнова Г. П.,Женщина,1982,2023,Спартак,Нападающий,1050000,5
771,Панфилова Ю. Е.,Женщина,1993,2023,Зенит,Защитник,4880000,55
772,Барбараш Р. Д.,Мужчина,1951,2008,Зенит,Вратарь,9520000,87
773,Макарова З. Д.,Женщина,1973,2023,Спартак,Полузащитник,9970000,60
774,Бахмутов Ж. В.,Мужчина,1992,2023,ЦСК,Нападающий,5090000,74
775,Банных К. Ж.,Мужчина,1974,2019,Спартак,Нападающий,7750000,97
776,Баклин З. В.,Мужчина,1993,2023,ЦСК,Полузащитник,3970000,28
777,Колесникова М. П.,Женщина,1977,2023,Зенит,Вратарь,2610000,45
778,Мухина Ш. Ц.,Женщина,2000,2023,Зенит,Вратарь,8220000,69
779,Захарова О. О.,Женщина,1968,2023,Спартак,Защитник,2040000,0
780,Орлова А. О.,Женщина,1953,2023,ЦСК,Защитник,7380000,17
781,Степанова О. С.,Женщина,1970,2023,Спартак,Защитник,6030000,53
782,Горбунова З. В.,Женщина,1982,2020,ЦСК,Нападающий,9170000,9
783,Комарова А. П.,Женщина,1972,2008,ЦСК,Нападающий,7980000,0
784,Бахрушин Ж. О.,Мужчина,1958,2005,ЦСК,Вратарь,4360000,88
785,Авакумов П. И.,Мужчина,1979,2023,ЦСК,Полузащитник,8330000,41
786,Автайкин У. Я.,Мужчина,2001,2023,Зенит,Защитник,2650000,32
787,Кудряшова Ц. С.,Женщина,1984,2023,Зенит,Защитник,1930000,56
788,Бабулин Б. Х.,Мужчина,1965,2023,Спартак,Защитник,2950000,48
789,Басаргин Э. П.,Мужчина,1960,2000,Спартак,Нападающий,8700000,11
790,Тарасова Б. Я.,Женщина,1975,2023,ЦСК,Полузащитник,6310000,20
791,Чернова Э. Э.,Женщина,1955,2023,Спартак,Нападающий,6730000,1
792,Антонова Я. К.,Женщина,1970,2023,Зенит,Полузащитник,3500000,32
793,Третьякова О. И.,Женщина,1994,2023,Зенит,Защитник,3590000,6
794,Башкирский П. Г.,Мужчина,1976,2020,Зенит,Полузащитник,3550000,83
795,Аксёнова Щ. Г.,Женщина,1998,2023,Зенит,Вратарь,1910000,22
796,Королёва Н. Й.,Женщина,1982,2023,Спартак,Вратарь,8310000,3
797,Аборин А. У.,Мужчина,1992,2023,Спартак,Вратарь,2260000,49
798,Орлова Ч. Т.,Женщина,1981,2004,Спартак,Полузащитник,4340000,65
799,Тимофеева Ц. Ж.,Женщина,1989,2023,ЦСК,Полузащитник,2590000,62
800,Бажанов Ш. С.,Мужчина,1978,2001,Спартак,Полузащитник,1610000,75
801,Барбухин Ф. Э.,Мужчина,1976,2023,ЦСК,Нападающий,3940000,48
802,Анисимова Ш. П.,Женщина,1981,2023,ЦСК,Защитник,9020000,11
803,Федотова Б. Я.,Женщина,1989,2023,ЦСК,Нападающий,9320000,68
804,Балабонин Й. К.,Мужчина,1951,2023,Спартак,Вратарь,4860000,94
805,Аврасин Ц. О.,Мужчина,1973,2023,ЦСК,Вратарь,5200000,73
806,Максимова Ш. Я.,Женщина,1975,2023,ЦСК,Нападающий,7480000,48
807,Веселова Й. Т.,Женщина,1976,2023,Зенит,Полузащитник,5460000,78
808,Балабонин Ч. П.,Мужчина,1960,2015,ЦСК,Нападающий,3580000,23
809,Тихонова У. Ф.,Женщина,1977,2023,Спартак,Защитник,8900000,40
810,Сергеева П. З.,Женщина,1967,2023,ЦСК,Нападающий,3070000,46
811,Третьякова Д. Н.,Женщина,1954,2023,Спартак,Нападающий,4400000,50
812,Родионова П. М.,Женщина,1994,2023,Спартак,Защитник,7770000,99
813,Романова Ё. И.,Женщина,1978,2023,Спартак,Полузащитник,1930000,29
814,Баранова Р. У.,Женщина,1969,2023,ЦСК,Полузащитник,7380000,33
815,Бабиков Я. К.,Мужчина,1973,2023,Зенит,Нападающий,60000,9
816,Котова Э. Ж.,Женщина,2002,2023,Спартак,Нападающий,9130000,72
817,Николаева В. А.,Женщина,1977,2023,Зенит,Нападающий,1040000,44
818,Агишев Я. Г.,Мужчина,1995,2015,Зенит,Полузащитник,7050000,100
819,Бабянышев Л. Л.,Мужчина,2003,2023,ЦСК,Вратарь,6250000,71
820,Аврашков Ш. К.,Мужчина,1996,2023,Зенит,Полузащитник,8670000,54
821,Ершова Ю. М.,Женщина,2001,2023,ЦСК,Вратарь,2280000,95
822,Багреев Е. Ц.,Мужчина,1960,2023,Спартак,Нападающий,6860000,45
823,Маслова К. Ф.,Женщина,1969,1994,Спартак,Защитник,6730000,31
824,Барышев Ц. Ф.,Мужчина,1964,2008,Спартак,Вратарь,120000,44
825,Тихонова З. А.,Женщина,2002,2023,Спартак,Полузащитник,2050000,18
826,Басихин Я. Х.,Мужчина,1997,2023,ЦСК,Нападающий,260000,90
827,Галкина П. Р.,Женщина,2000,2023,Спартак,Защитник,5990000,46
828,Бачуров А. Б.,Мужчина,1999,2023,ЦСК,Полузащитник,9720000,67
829,Беляева Ш. Г.,Женщина,1969,2023,Зенит,Полузащитник,5720000,45
830,Баламатов А. А.,Мужчина,1988,2020,Спартак,Вратарь,3890000,22
831,Бакулев Ж. Д.,Мужчина,1951,1988,ЦСК,Вратарь,610000,99
832,Агапонов Л. Э.,Мужчина,1959,2023,Зенит,Вратарь,5080000,52
833,Баженов Ц. Л.,Мужчина,2001,2023,Зенит,Нападающий,8830000,62
834,Бабаевский С. К.,Мужчина,2003,2023,ЦСК,Нападающий,6520000,69
835,Авчинников Х. Ю.,Мужчина,1969,2011,Спартак,Нападающий,1510000,61
836,Белоусова Г. Й.,Женщина,1951,1986,Спартак,Вратарь,7140000,59
837,Гаврилова С. Р.,Женщина,1994,2023,Зенит,Защитник,2770000,84
838,Беляева М. Ж.,Женщина,1953,1990,Спартак,Нападающий,8630000,22
839,Барышев Б. Э.,Мужчина,1985,2023,ЦСК,Полузащитник,4390000,46
840,Кудрявцева Р. Р.,Женщина,1981,2023,Спартак,Вратарь,5950000,89
841,Абдулов Д. Л.,Мужчина,1967,2023,Зенит,Вратарь,1910000,90
842,Денисова М. Д.,Женщина,1996,2019,Зенит,Вратарь,5470000,36
843,Бадигин Ю. Ё.,Мужчина,1964,2020,Зенит,Нападающий,8360000,76
844,Абатуров Т. П.,Мужчина,1986,2021,ЦСК,Полузащитник,3330000,15
845,Ефимова В. Ш.,Женщина,1982,2023,Зенит,Вратарь,830000,3
846,Карпова Д. Е.,Женщина,1952,2023,ЦСК,Нападающий,8020000,65
847,Степанова Г. Ф.,Женщина,1957,2016,ЦСК,Защитник,6490000,46
848,Григорьева О. Ж.,Женщина,1958,2023,Спартак,Защитник,5780000,48
849,Батраков Х. М.,Мужчина,1993,2023,ЦСК,Защитник,1730000,5
850,Барятинский Н. Д.,Мужчина,1989,2010,Зенит,Защитник,3930000,33
851,Антонова М. М.,Женщина,1988,2023,Спартак,Защитник,2160000,65
852,Барано З. П.,Мужчина,1973,2023,ЦСК,Нападающий,9430000,79
853,Баратов А. Щ.,Мужчина,1964,2023,Спартак,Нападающий,6290000,77
854,Титова Т. К.,Женщина,1950,1988,Спартак,Защитник,5800000,53
855,Горбунова Ж. Р.,Женщина,2001,2023,ЦСК,Защитник,5640000,40
856,Яковлева Ю. Л.,Женщина,1987,2023,ЦСК,Вратарь,1700000,13
857,Фролова Д. У.,Женщина,1983,2023,ЦСК,Полузащитник,5720000,27
858,Аглинцев Й. П.,Мужчина,1961,1997,ЦСК,Нападающий,5380000,73
859,Александрова Ц. Г.,Женщина,1955,2019,Зенит,Защитник,6000000,43
860,Данилова Л. Д.,Женщина,1982,2021,Зенит,Полузащитник,2990000,47
861,Казакова И. Н.,Женщина,1970,2003,ЦСК,Нападающий,8720000,34
862,Аггеев Я. Ф.,Мужчина,1990,2013,Зенит,Вратарь,4370000,93
863,Филиппова Ч. Ж.,Женщина,1999,2023,ЦСК,Полузащитник,6320000,67
864,Агафонов М. Ц.,Мужчина,1953,2023,ЦСК,Вратарь,1120000,97
865,Бабенин А. Т.,Мужчина,1952,2023,Спартак,Нападающий,3470000,16
866,Андреева Ч. У.,Женщина,1961,2015,ЦСК,Вратарь,4670000,24
867,Казакова Б. М.,Женщина,1998,2023,Спартак,Нападающий,690000,63
868,Журавлёва С. Щ.,Женщина,2002,2023,Зенит,Нападающий,7140000,18
869,Бакин М. Д.,Мужчина,1997,2023,Зенит,Вратарь,3980000,62
870,Фомина Ц. И.,Женщина,1958,1987,Спартак,Вратарь,7780000,74
871,Батоев Г. О.,Мужчина,1971,2023,ЦСК,Защитник,4270000,35
872,Агеенко П. К.,Мужчина,2002,2023,ЦСК,Защитник,5390000,64
873,Степанова А. Б.,Женщина,1986,2023,Зенит,Вратарь,9090000,65
874,Архипова Ф. Л.,Женщина,1992,2023,ЦСК,Вратарь,7090000,35
875,Авсейкин З. Х.,Мужчина,2003,2023,Зенит,Полузащитник,8800000,67
876,Баборыко Ф. Ё.,Мужчина,1962,2023,ЦСК,Защитник,3210000,6
877,Аблеухов Ц. Ф.,Мужчина,1981,2023,ЦСК,Полузащитник,2240000,37
878,Бабыкин Н. Щ.,Мужчина,1950,1972,Зенит,Защитник,8690000,77
879,Басов Ф. И.,Мужчина,2000,2023,Зенит,Полузащитник,3000000,72
880,Байдиков В. Т.,Мужчина,1965,2004,ЦСК,Полузащитник,4610000,65
881,Сергеева П. Ж.,Женщина,1999,2023,Зенит,Нападающий,900000,66
882,Анисимова Ц. Э.,Женщина,2002,2023,Спартак,Полузащитник,6100000,85
883,Агдавлетов Ф. Ч.,Мужчина,2000,2023,ЦСК,Полузащитник,480000,61
884,Басков М. Н.,Мужчина,1973,2023,Зенит,Нападающий,3800000,73
885,Белоусова Г. Я.,Женщина,1995,2023,Спартак,Защитник,4230000,85
886,Абаимов Л. О.,Мужчина,1961,2013,Спартак,Защитник,360000,58
887,Авлашкин Г. Л.,Мужчина,1959,1980,Зенит,Защитник,8580000,70
888,Бажанов Г. Э.,Мужчина,1984,2023,ЦСК,Нападающий,3820000,86
889,Герасимова С. Н.,Женщина,1996,2023,Спартак,Вратарь,6670000,67
890,Романова Ш. В.,Женщина,1958,1980,Спартак,Нападающий,1350000,43
891,Кудряшова Е. Я.,Женщина,1994,2023,Спартак,Полузащитник,5040000,22
892,Сидорова Е. Р.,Женщина,1962,2014,Зенит,Защитник,8610000,53
893,Панфилова Ё. Е.,Женщина,1961,2023,ЦСК,Вратарь,570000,22
894,Барабанов С. Ж.,Мужчина,1999,2023,Спартак,Вратарь,5400000,85
895,Багримов А. Б.,Мужчина,1972,1999,Спартак,Нападающий,1460000,10
896,Агашин Д. М.,Мужчина,1978,2005,Спартак,Вратарь,500000,29
897,Комарова Ц. Е.,Женщина,1982,2023,ЦСК,Полузащитник,6600000,0
898,Авраамов М. У.,Мужчина,1975,2023,Зенит,Полузащитник,7070000,54
899,Баландин Ё. Ю.,Мужчина,1959,2023,ЦСК,Защитник,5370000,57
900,Рыбакова В. Щ.,Женщина,1968,2023,Спартак,Защитник,1360000,62
901,Балыгин Р. К.,Мужчина,1990,2013,Спартак,Нападающий,9970000,49
902,Орлова З. В.,Женщина,1970,2017,Спартак,Защитник,6350000,12
903,Блинова Х. Л.,Женщина,1977,2002,Спартак,Полузащитник,4530000,58
904,Анисимова Й. П.,Женщина,1969,2000,Зенит,Вратарь,4020000,77
905,Абакишин Д. Л.,Мужчина,1955,2023,ЦСК,Защитник,1440000,8
906,Анисимова Я. Ч.,Женщина,1951,2023,ЦСК,Вратарь,4560000,81
907,Архипова И. Ю.,Женщина,1959,1979,Спартак,Вратарь,3670000,11
908,Громова Я. Н.,Женщина,1992,2023,Спартак,Вратарь,9120000,74
909,Боброва Ц. Й.,Женщина,1996,2023,Зенит,Защитник,6650000,65
910,Савельева Б. С.,Женщина,1962,2023,Зенит,Полузащитник,8310000,14
911,Горбунова М. Ч.,Женщина,1978,2023,Зенит,Полузащитник,7390000,83
912,Агапьев У. У.,Мужчина,1965,2023,ЦСК,Вратарь,3170000,9
913,Сидорова Р. Г.,Женщина,1952,2023,ЦСК,Вратарь,7470000,33
914,Абрашкин О. М.,Мужчина,2002,2023,ЦСК,Полузащитник,6970000,57
915,Давыдова Щ. В.,Женщина,1983,2020,Зенит,Защитник,5080000,32
916,Бабаевский К. У.,Мужчина,1995,2023,Зенит,Защитник,9830000,51
917,Бабанин Д. Т.,Мужчина,1958,2023,Спартак,Полузащитник,2040000,11
918,Балабиков Б. М.,Мужчина,1966,1986,Спартак,Полузащитник,3330000,89
919,Галкина Ч. Щ.,Женщина,1963,1999,Спартак,Нападающий,470000,73
920,Башилов О. Х.,Мужчина,1997,2023,ЦСК,Нападающий,2250000,60
921,Бабушкин Э. Ф.,Мужчина,1956,2023,ЦСК,Полузащитник,6860000,32
922,Мухина Н. Х.,Женщина,1963,2023,Спартак,Полузащитник,750000,15
923,Абрамцев Я. О.,Мужчина,1955,2022,Зенит,Нападающий,5300000,62
924,Балаклейцев У. Г.,Мужчина,1969,2001,ЦСК,Нападающий,8530000,17
925,Жукова И. Р.,Женщина,1997,2023,ЦСК,Нападающий,6040000,50
926,Романова П. Е.,Женщина,1979,2023,Спартак,Защитник,2560000,76
927,Соболева Е. З.,Женщина,1980,2023,Спартак,Вратарь,2660000,28
928,Балясин Щ. М.,Мужчина,1962,2023,Спартак,Защитник,3110000,34
929,Макарова Ё. Т.,Женщина,1969,1999,Спартак,Защитник,9080000,50
930,Балясин Б. З.,Мужчина,2001,2023,Спартак,Защитник,2610000,78
931,Филиппова М. В.,Женщина,1997,2023,ЦСК,Вратарь,2050000,83
932,Овчинникова Б. Е.,Женщина,1996,2023,ЦСК,Нападающий,9230000,49
933,Орлова О. М.,Женщина,1974,2023,Зенит,Вратарь,5940000,4
934,Александрова З. Ж.,Женщина,1962,2023,ЦСК,Защитник,8600000,64
935,Емельянова Ю. Л.,Женщина,1989,2014,ЦСК,Вратарь,8880000,19
936,Бадыгин Е. Л.,Мужчина,1956,2023,Спартак,Полузащитник,4010000,99
937,Басистый Л. Ш.,Мужчина,1996,2023,Зенит,Защитник,110000,10
938,Тимофеева Ф. Ж.,Женщина,1998,2023,Спартак,Защитник,8910000,27
939,Сидорова З. Ж.,Женщина,1989,2023,Спартак,Нападающий,3800000,96
940,Баламуткин Ф. Ж.,Мужчина,1967,2019,Зенит,Вратарь,5320000,92
941,Дорофеева Ш. Й.,Женщина,1953,2010,Зенит,Нападающий,2490000,57
942,Бавин Ё. Б.,Мужчина,1966,2009,Зенит,Нападающий,6310000,69
943,Бачагов Г. Э.,Мужчина,1962,2023,Зенит,Полузащитник,6360000,83
944,Цветкова П. Й.,Женщина,1965,2010,Спартак,Нападающий,6580000,48
945,Суханова Р. И.,Женщина,1953,1991,Зенит,Вратарь,3370000,90
946,Байгушкин Х. Я.,Мужчина,1960,2005,ЦСК,Нападающий,2660000,85
947,Абухович У. Й.,Мужчина,1995,2023,ЦСК,Нападающий,1760000,17
948,Матвеева Й. И.,Женщина,1982,2023,Спартак,Вратарь,4050000,91
949,Орлова Р. М.,Женщина,1976,2023,Спартак,Полузащитник,790000,81
950,Алексеева Д. И.,Женщина,1975,2023,ЦСК,Нападающий,9200000,41
951,Большакова В. Х.,Женщина,1980,2000,ЦСК,Защитник,7310000,3
952,Бакиев Л. З.,Мужчина,1965,2003,Зенит,Нападающий,2900000,76
953,Гаврилова Й. Р.,Женщина,1993,2020,Спартак,Защитник,6440000,100
954,Панфилова Э. Р.,Женщина,1995,2023,ЦСК,Защитник,2450000,85
955,Горшкова Б. Ч.,Женщина,1981,2023,Спартак,Полузащитник,9600000,7
956,Рябова Ф. Ф.,Женщина,1976,2023,Спартак,Полузащитник,7550000,67
957,Барабанов Б. Ч.,Мужчина,1990,2009,Зенит,Нападающий,8900000,35
958,Антонова Ш. В.,Женщина,1982,2023,Зенит,Вратарь,3710000,62
959,Суворова И. А.,Женщина,1998,2023,Зенит,Нападающий,4060000,76
960,Беляева Е. Ц.,Женщина,2000,2023,Зенит,Защитник,4770000,60
961,Абрамова Л. З.,Женщина,1962,2023,Зенит,Нападающий,5400000,94
962,Захарова Ц. Д.,Женщина,1982,2023,ЦСК,Полузащитник,8330000,83
963,Максимова З. Г.,Женщина,1999,2023,Спартак,Нападающий,7450000,38
964,Балин В. М.,Мужчина,1969,2023,Зенит,Защитник,4240000,92
965,Алексеева И. Ю.,Женщина,1960,2016,Зенит,Вратарь,6830000,74
966,Щербакова Ю. А.,Женщина,1999,2023,ЦСК,Вратарь,9390000,91
967,Белова А. В.,Женщина,1956,2023,ЦСК,Нападающий,8630000,86
968,Медведева Т. В.,Женщина,1987,2023,Зенит,Полузащитник,6860000,13
969,Анисимова О. Э.,Женщина,1982,2023,ЦСК,Вратарь,2630000,45
970,Батраков Л. Р.,Мужчина,1955,2023,ЦСК,Полузащитник,2930000,59
971,Фролова Ю. О.,Женщина,1991,2023,Спартак,Нападающий,7510000,21
972,Власова Ж. О.,Женщина,1994,2023,ЦСК,Полузащитник,5810000,13
973,Аббакумов Г. Д.,Мужчина,1999,2023,ЦСК,Вратарь,2450000,54
974,Маслова Б. Г.,Женщина,1998,2018,Зенит,Защитник,4030000,98
975,Барбашов Е. Б.,Мужчина,1968,2023,Зенит,Вратарь,7790000,73
976,Барано К. Щ.,Мужчина,1994,2023,Спартак,Полузащитник,6300000,96
977,Максимова Г. О.,Женщина,1969,1994,Спартак,Нападающий,9120000,75
978,Абакушин Т. Й.,Мужчина,2003,2023,Спартак,Полузащитник,3340000,26
979,Баринов Ш. В.,Мужчина,1983,2019,Зенит,Полузащитник,8410000,81
980,Захарова Н. У.,Женщина,1953,1984,Спартак,Нападающий,4600000,21
981,Башкин Ч. Х.,Мужчина,1973,2023,Зенит,Вратарь,6870000,0
982,Барсков Ё. Щ.,Мужчина,1971,2023,Зенит,Вратарь,5420000,27
983,Николаева С. Э.,Женщина,1971,2023,Спартак,Полузащитник,7900000,55
984,Авдюков И. Ц.,Мужчина,1978,2023,Спартак,Нападающий,7110000,73
985,Адинец Ц. Ж.,Мужчина,1971,2023,Спартак,Нападающий,9790000,22
986,Абрамов У. Ф.,Мужчина,1974,2023,Спартак,Вратарь,5510000,35
987,Аврамов С. М.,Мужчина,1981,2023,Спартак,Вратарь,5890000,4
988,Аверков О. Р.,Мужчина,1950,2023,ЦСК,Вратарь,1620000,37
989,Пономарёва М. Б.,Женщина,1985,2023,Зенит,Нападающий,3920000,91
990,Медведева А. Д.,Женщина,1954,2023,ЦСК,Вратарь,7830000,4
991,Абашков Г. Ф.,Мужчина,1990,2023,Спартак,Вратарь,1650000,90
992,Балыбердин В. Я.,Мужчина,1966,2023,Зенит,Защитник,8430000,44
993,Андреева Ф. П.,Женщина,1959,1983,Спартак,Нападающий,6420000,26
994,Баламута С. Ч.,Мужчина,1951,2023,Зенит,Вратарь,1440000,25
995,Барсуков Э. И.,Мужчина,1952,1978,Зенит,Полузащитник,4510000,12
996,Сидорова Е. К.,Женщина,2002,2023,ЦСК,Вратарь,450000,93
997,Петухова В. Й.,Женщина,1983,2023,Спартак,Полузащитник,5400000,73
998,Трофимова Г. Л.,Женщина,1964,2023,ЦСК,Полузащитник,8690000,82
999,Бахтияров В. Р.,Мужчина,1967,2017,Спартак,Защитник,1560000,51
1000,Бартенев Ё. Е.,Мужчина,1955,1993,Зенит,Полузащитник,4960000,12
1001,Алексеева А. О.,Женщина,1952,2023,ЦСК,Нападающий,4940000,88
1002,Баталов Е. Ф.,Мужчина,1976,2023,Зенит,Нападающий,4320000,100
1003,Бахилов В. К.,Мужчина,1984,2023,Зенит,Нападающий,9900000,78
1004,Мельникова Б. Ф.,Женщина,2001,2023,Спартак,Нападающий,3430000,3
1005,Бабанин Л. Х.,Мужчина,1958,2023,Зенит,Полузащитник,6340000,7
1006,Бархоткин Щ. Т.,Мужчина,1969,2023,Спартак,Вратарь,6040000,35
1007,Байков Х. З.,Мужчина,1999,2023,Зенит,Вратарь,4720000,5
1008,Авилкин К. И.,Мужчина,1983,2019,ЦСК,Нападающий,2370000,28
1009,Авчинников М. С.,Мужчина,1952,2023,Зенит,Нападающий,6200000,6
1010,Савельева Й. Б.,Женщина,1981,2023,Зенит,Вратарь,2930000,92
1011,Белова Л. Ш.,Женщина,1961,2023,Спартак,Вратарь,8030000,83
1012,Колесникова Ш. П.,Женщина,1978,2019,Спартак,Полузащитник,7080000,0
1013,Макарова Т. К.,Женщина,1956,1990,ЦСК,Защитник,4290000,78
1014,Панова Б. О.,Женщина,1992,2023,Зенит,Полузащитник,4020000,39
1015,Рябова Ц. С.,Женщина,2003,2023,Зенит,Полузащитник,4280000,66
1016,Аврамов Р. Н.,Мужчина,1996,2023,ЦСК,Нападающий,3740000,79
1017,Анисимова У. З.,Женщина,1995,2023,ЦСК,Вратарь,8920000,15
1018,Жукова Б. И.,Женщина,1994,2023,ЦСК,Вратарь,9680000,85
1019,Аблеухов С. М.,Мужчина,1967,2023,ЦСК,Защитник,90000,33
1020,Щербакова З. Т.,Женщина,1982,2023,Зенит,Полузащитник,5230000,38
1021,Базылин Б. З.,Мужчина,1978,2002,Спартак,Защитник,5550000,90
1022,Архипова Ч. Э.,Женщина,1967,2023,Спартак,Вратарь,9070000,83
1023,Абрамова Ю. Т.,Женщина,1977,2023,ЦСК,Нападающий,1560000,80
1024,Журавлёва И. О.,Женщина,2002,2023,Зенит,Вратарь,5620000,38
1025,Байрамов Э. Б.,Мужчина,1969,2023,ЦСК,Вратарь,3610000,81
1026,Миронова Ф. Ю.,Женщина,1990,2023,Спартак,Нападающий,460000,68
1027,Барбараш Ю. И.,Мужчина,2001,2023,ЦСК,Нападающий,3730000,99
1028,Белоусова Г. Ш.,Женщина,1995,2023,Спартак,Вратарь,4240000,81
1029,Тимофеева Ж. Э.,Женщина,1960,2023,Спартак,Полузащитник,2070000,32
1030,Бакакин Ч. Ф.,Мужчина,1974,2023,Спартак,Вратарь,5300000,15
1031,Соболева Щ. Ц.,Женщина,1975,2023,Зенит,Полузащитник,6920000,44
1032,Александрова И. Ц.,Женщина,1969,2023,Зенит,Полузащитник,6260000,89
1033,Киселёва Я. К.,Женщина,1982,2005,Зенит,Вратарь,8770000,6
1034,Августович К. Л.,Мужчина,1971,2011,Зенит,Вратарь,9980000,81
1035,Агибалов Щ. Т.,Мужчина,1978,2023,ЦСК,Нападающий,7490000,73
1036,Бакеев Л. Ч.,Мужчина,2000,2023,Спартак,Защитник,9910000,28
1037,Беляева Ш. М.,Женщина,1950,2013,Зенит,Полузащитник,1380000,87
1038,Сергеева Х. С.,Женщина,1978,2006,Зенит,Полузащитник,270000,86
1039,Громова Ц. О.,Женщина,2001,2023,Спартак,Защитник,8000000,28
1040,Цветкова П. Й.,Женщина,1968,2023,Спартак,Полузащитник,7790000,35
1041,Баташов К. С.,Мужчина,1952,2023,Зенит,Вратарь,6200000,57
1042,Аверкиев З. О.,Мужчина,1973,2023,ЦСК,Нападающий,3510000,2
1043,Басулин Л. Д.,Мужчина,1956,2023,ЦСК,Нападающий,5510000,61
1044,Давыдова М. Ё.,Женщина,1994,2023,Спартак,Нападающий,4830000,91
1045,Балакшеев Й. Х.,Мужчина,1996,2023,ЦСК,Вратарь,1390000,100
1046,Ширяева Э. Р.,Женщина,1972,2023,Зенит,Защитник,4730000,63
1047,Бахтеяров Д. В.,Мужчина,1987,2023,Зенит,Полузащитник,7080000,19
1048,Авдонов Ф. Э.,Мужчина,1996,2023,ЦСК,Нападающий,5940000,54
1049,Алексеева Й. Л.,Женщина,1967,2023,ЦСК,Защитник,1380000,49
1050,Башмаков В. П.,Мужчина,1977,2023,Спартак,Вратарь,2300000,49
1051,Батрак Ш. Й.,Мужчина,1970,2008,Спартак,Вратарь,6050000,76
1052,Степанова Х. Я.,Женщина,1986,2019,Зенит,Вратарь,1010000,13
1053,Баталов У. Т.,Мужчина,1974,1994,Зенит,Нападающий,6070000,32
1054,Миронова Т. Ж.,Женщина,1979,2017,Спартак,Вратарь,7000000,71
1055,Байков Ё. М.,Мужчина,1980,2023,Спартак,Защитник,4440000,57
1056,Миронова Э. П.,Женщина,1998,2023,Спартак,Вратарь,7800000,92
1057,Матвеева З. Г.,Женщина,1982,2023,Зенит,Полузащитник,2070000,55
1058,Басулин Ю. Ц.,Мужчина,1989,2023,ЦСК,Нападающий,5770000,57
1059,Егорова Д. Л.,Женщина,1990,2023,Зенит,Защитник,9200000,8
1060,Гусева Ч. Н.,Женщина,2003,2023,Зенит,Вратарь,5950000,76
1061,Барбараш Р. С.,Мужчина,1958,1995,Спартак,Нападающий,8410000,10
1062,Горбунова Л. Ш.,Женщина,1966,2023,Зенит,Нападающий,3670000,25
1063,Агин У. Л.,Мужчина,1959,2010,ЦСК,Защитник,4010000,84
1064,Миронова Т. Н.,Женщина,1993,2017,ЦСК,Полузащитник,7200000,61
1065,Тарасова В. Д.,Женщина,1973,1997,ЦСК,Защитник,8120000,6
1066,Ефимова Е. Л.,Женщина,1973,2023,Спартак,Полузащитник,2000000,9
1067,Батыров А. Х.,Мужчина,1975,2023,Спартак,Нападающий,6880000,70
1068,Афанасьева Щ. Щ.,Женщина,2003,2023,ЦСК,Нападающий,1750000,31
1069,Баранова А. Ё.,Женщина,1969,2023,ЦСК,Вратарь,3460000,30
1070,Батраченко У. Д.,Мужчина,1950,2023,ЦСК,Вратарь,7780000,81
1071,Селезнёва И. Н.,Женщина,1963,2023,Зенит,Вратарь,5730000,33
1072,Абалкин Э. Л.,Мужчина,1981,2023,ЦСК,Вратарь,1670000,7
1073,Азамов Б. Н.,Мужчина,1992,2023,ЦСК,Нападающий,760000,67
1074,Абашуров О. Н.,Мужчина,1975,2015,Спартак,Вратарь,930000,67
1075,Баборыко Ж. К.,Мужчина,1951,2023,Спартак,Нападающий,9650000,79
1076,Медведева Б. Д.,Женщина,1976,2019,Зенит,Защитник,1350000,49
1077,Калинина Ч. Р.,Женщина,1959,2023,Спартак,Нападающий,6160000,0
1078,Веселова О. Э.,Женщина,1986,2023,Спартак,Вратарь,5970000,47
1079,Суханова Ш. Д.,Женщина,1972,2023,Спартак,Полузащитник,9480000,59
1080,Гаврилова Р. З.,Женщина,2001,2023,Спартак,Защитник,9870000,49
1081,Мухина Ю. Р.,Женщина,1966,2005,Зенит,Защитник,360000,63
1082,Агдавлетов Ж. Ч.,Мужчина,1997,2023,ЦСК,Нападающий,690000,57
